path	category	confidence	loc_or_bytes	evidence	risk
Assets/Game/Prefabs/Agents/Vehicles/Spacecraft/Ship.prefab	duplicate	high	331 lines / 10817 bytes	guid 4938ebdecf1e547a0ac42cc484c9e5d3 appears in 0 other files across a byte-scan of all 4418 text assets under Assets/ + ProjectSettings/ (refs.tsv agrees: refcount 0). Not in EditorBuildSettings, no Resources/ path, no Addressables in project, no string-literal "Ship" lookup in any .cs. Identical script set to Assets/Game/Prefabs/Legacy/Vehicles/Ship.prefab (MountModule, SteerModule, AgentController, RigidbodyMotor, InteractableProxy, Ship.fbx) and 0.803 line-similarity to it. Distinct from the LIVE Assets/Game/Prefabs/Vehicles/Ship.prefab, which is a 34640-line ProBuilder base with SpawnPoint/ShipInteraction/FMOD and 0.007 similarity.	If someone was mid-migration of the mountable ship into the Agents/Vehicles hierarchy, this is the destination copy and Legacy/ is the source. Keep exactly one of the two; deleting both loses the mountable-ship agent entirely.
Assets/Game/Prefabs/Legacy/Vehicles/Ship.prefab	duplicate	high	299 lines / 9903 bytes	guid 7ea3f1a07d10f435689447e2e5472d96 appears in 0 other files (full byte-scan of Assets/ + ProjectSettings/). Same script set and 0.803 similarity to Assets/Game/Prefabs/Agents/Vehicles/Spacecraft/Ship.prefab. Three prefabs named Ship.prefab exist; only Assets/Game/Prefabs/Vehicles/Ship.prefab (7 refs) is referenced.	Cross-scope (Prefabs/Legacy). Same caveat as above — this and the Spacecraft copy are the same asset; drop one, not both, unless the mountable ship is genuinely abandoned.
Assets/Game/Prefabs/Agents/Vehicles/Aircraft/Blimp.prefab	experiment	high	340 lines / prefab + 487 LOC stranded	guid d33ac27917a94aac82652cec4f25841c: 0 references in the full byte-scan. It is also the ONLY GUID reference to Assets/Game/Scripts/Agents/AI/Motors/FlyingRigidbodyMotor.cs (378 LOC) and Assets/Game/Scripts/Agents/Modules/Movement/AirWanderModule.cs (109 LOC) per refs.tsv, and `grep -rn --include=*.cs '\bFlyingRigidbodyMotor\b|\bAirWanderModule\b' Assets/` returns only their own declarations plus 6 comment mentions in other motors — zero code use.	Removing this prefab makes 487 LOC in the Agents scope unreachable, which is a win but must be coordinated with that auditor. If a flying-agent prototype is planned, this is the only worked example of the FlyingRigidbodyMotor + AirWanderModule pairing.
Assets/Game/Prefabs/Agents/Vehicles/Ground/Dune Rider.prefab	experiment	high	647 lines / prefab + 300 LOC stranded	guid 54a43b7a226440468f0106172f877315: 0 references in the full byte-scan. It is the ONLY GUID reference to Assets/Game/Scripts/Agents/Controller/DuneRiderController.cs (300 LOC) per refs.tsv, and grep for the type name across Assets returns only its own class declaration. Carries only DuneRiderController + MountModule — no motor, no AgentController — i.e. an abandoned one-off control scheme predating the AgentController stack.	Removing this makes DuneRiderController.cs (300 LOC, Agents scope) unreachable. If 'Dune Rider' is a planned vehicle, this is its only asset.
Assets/Game/Prefabs/Agents/Creatures/MountableAnt.prefab	superseded	high	472 lines / 15738 bytes	guid f62742d3949ca494a8efb8b58c71f89d: 0 references in the full byte-scan. Contains 4 script GUIDs (acdc445562c6e420c8ef8cec6ec54ffb, 434b1cb41931349a580b035d41199472, e03ab404b2c7f45b6930746c2df20c86, 5ab4e14ea8b148f7b3f4ef0a5fefac42) that resolve to NO .meta anywhere under Assets/, Packages/, or Library/PackageCache — i.e. 4 missing-script components. It uses the pre-migration AI stack (NpcBrain + WanderBehaviour) while the in-scope Assets/Game/Prefabs/Agents/Vehicles/Mounts/MountableAnt.prefab uses the current stack (AgentController + WanderModule + MountModule + SteerModule) and has 0 dangling GUIDs. 0.798 line-similarity between the two.	Cross-scope (Prefabs/Agents/Creatures). Low risk — it cannot load cleanly in its current state.
Assets/Game/Prefabs/Agents/Vehicles/Mounts/MountableAnt.prefab	unused-asset	medium	468 lines / 14800 bytes	guid e3a51fc05fd46456280c95494ea11d8a: 0 references in the full byte-scan. No string lookup, not under Resources/, no Addressables. It is the migrated/clean twin of the Creatures copy above.	Higher than the others: this is the one CLEAN copy of the mountable ant and the Ant.fbx it uses is still live in 3 chunk scenes. If mountable creatures are still on the roadmap, keep this one and delete the Creatures copy instead.
Assets/Game/Prefabs/Vehicles/Rover.prefab	superseded	high	3804 lines / ~140 KB	guid f043c5148c00b134ebf3f5909b5805e0: 0 references in the full byte-scan. Superseded by Assets/Game/Prefabs/Vehicles/RoverNoHierarchy.prefab, which references the same 22 Rover FBXs and adds WheelRotator, NavMeshAgentMotor and UnderTerrainGuard; RoverNoHierarchy is the one wired into Aleksander test scene.unity. Rover.prefab's root GameObject is misnamed 'ThingMount' and it has no WheelRotator at all.	None found — nothing references it and the newer prefab covers the same models.
Assets/Game/Scripts/Vehicles/Rover/ (whole folder) + Assets/Game/Prefabs/Vehicles/RoverNoHierarchy.prefab + Assets/Game/Art/Models/Vehicles/Rover/	experiment	medium	858 LOC + 1 prefab + 984 KB of FBX	5 .cs / 858 LOC. `grep -rn --include=*.cs '\bRoverController\b|\bRoverBogieIK\b|\bWheelRotator\b|\bRoverMovementController\b|\bWheelContact\b' Assets/` returns ZERO hits outside Assets/Game/Scripts/Vehicles/Rover/ — the subsystem is fully self-contained. Per refs.tsv the only asset entry point is RoverNoHierarchy.prefab, whose sole referencer is Assets/Game/Scenes/Tests/Aleksander test scene.unity. Each of the 22 FBXs under Art/Models/Vehicles/Rover (984 KB) has exactly 2 refs = the two Rover prefabs and nothing else.	'Aleksander test scene.unity' IS enabled in ProjectSettings/EditorBuildSettings.asset (index 5), so this currently ships in builds. Removal is conditional on that dev scene being dropped — coordinate with the scenes auditor. If the Rover is still a wanted vehicle it needs a rewrite, not preservation (see the two verified bugs below).
Assets/Game/Scripts/Vehicles/Rover/Core/RoverBogieIK.cs:220-450	dead-code	high	~230 LOC of 452	`UpdateBogieIK()` has zero callers: grep across all of Assets/ finds only its own declaration at line 220. Everything it reaches is therefore unreachable — SampleWheelGround, UpdateDebugGroundState, DrawDebug, DrawContact, the private readonly struct WheelContact, and the public props HasGroundContact / LastGroundPoint / LastGroundNormal / Wheel (all 0 refs, confirmed by a member-level scan of every .cs in Assets/). The entire [Header("Raycast Grounding")] block (groundMask, rayStartHeight, raycastDistance, wheelGroundOffset) and [Header("Debug")] drawDebug feed nothing else — drawDebug is serialized as 1 on 3 components in RoverNoHierarchy.prefab and 3 in Rover.prefab and has no effect.	None if UpdateBogieIK is genuinely abandoned; the class's live half (InitializePhysics building ConfigurableJoints) is untouched by this cut.
Assets/Game/Scripts/Vehicles/Rover/Core/RoverBogieIK.cs:263-267	dead-code	high	5 LOC + 1 call site	`private void AutoAssignJoints(Transform[] all)` has an empty body and the comment '// Joints are no longer used in physics-based approach / // Kept for compatibility'. Its only caller is AutoSetupFromChildren (line 97). Self-documented leftover of an abandoned approach.	None — the method does nothing.
Assets/Game/Scripts/Vehicles/Rover/Core/RoverController.cs:85-88,227-231	dead-code	high	9 LOC	`private void Start()` contains only the comment '// Nothing special needed - movement controller handles physics'. `private void ChangeDirection()` is commented '// Deprecated - use GenerateRandomWaypoint instead' and has zero callers (grep across Assets/ finds only its declaration).	None.
Assets/Game/Scripts/Vehicles/DuneFoil/Sail/SailAerodynamics.cs:312-353	superseded	high	42 LOC + ~25 LOC of tests	Both `HeelAngle` overloads have zero production consumers. `grep -rn 'HeelAngle(' Assets/` returns only the two declarations plus 4 call sites in Assets/Game/Tests/EditMode/SailAerodynamicsTests.cs. Production computes heel in two places instead: SailSurface.cs:418-422 computes the MOMENT with the identical formula (`lateral * Mathf.Cos(cantRadians) + cantRightingMoment * Mathf.Sin(cantRadians)`), and DuneFoilLocomotion.cs:321 divides the summed moment by rightingMoment and clamps to maxHeel — i.e. the pure function's body, split across the two live sites.	The 4 tests that exercise it must go too (they document the cant-to-windward trade). If you would rather keep the documented behaviour, invert the dependency: have SailSurface call a `HeelMoment` helper and delete the angle half.
Assets/Game/Prefabs/Environment/Wind.prefab	duplicate	high	54 lines / 1538 bytes	guid b13e679dfc7454b8f9ac202cc4faec4f: 0 references in the full byte-scan. Near-identical (0.852 similarity, 54 lines each, 1538 vs 1536 bytes) to Assets/Game/Prefabs/Environment/Sky/Wind.prefab, which has 3 refs (DuneFoilTest.unity, Ferdinand_Test_world.unity, persistentScene.unity). Both are WindField hosts; WindField is a DuneFoil component and enforces a single scene-wide instance via a static Active, so two prefabs is a hazard as well as clutter.	Cross-scope (Prefabs/Environment). None found — the Sky/ copy is the live one.
Assets/Game/Scripts/Locomotion/Policy/GaitPatterns.cs (class TrotGait, lines 109-163)	superseded	high	55 lines (plus ~40 lines of TrotGait-only tests in 2 files)	grep -rn 'TrotGait' across Assets/ returns 4 hits, ALL in tests (SyntheticMachineTests.cs:205,221; LocomotionPolicyTests.cs:213,232) plus 2 comment mentions. No shipping machine constructs it: the 5 CreateGait() implementations use AlternatingGait (ostrich, humanoid), RippleGait (crawler), CrabWaveGait (crab), CanterGait (horse). CanterGait.cs:3-11 states explicitly 'why this is not TrotGait ... this is a new IGaitPattern rather than a tuning of the shipped one', and CanterGait.Bind() line 118 recomputes the identical diagonal-pair table itself (`trot[i] = right != front ? 0f : 0.5f`, algebraically identical to TrotGait's `left == front ? 0f : 0.5f`).	None to shipping behaviour. If a quadruped is ever added that wants a plain trot and no canter, CanterGait with trotToCanter=0.99 already covers it.
Assets/Game/Scripts/Creatures/Horse/HorseRideSpring.cs	duplicate	high	111 lines	Line-for-line clone of Assets/Game/Scripts/Creatures/Ostrich/OstrichNeckSpring.cs: same MaxSubStep constant (1f/120f), same 5 settings fields, same Value/Velocity/Reset/Configure surface, same semi-implicit Euler substep loop, same clamp-and-kill-outward-velocity block, and the same forcing expression — ostrich `(-(drive.y + drive.x)*gain, -drive.z*gain)` with drive=(fwd,up,right) vs horse `(-(drive.y + drive.z)*gain, -drive.x*gain)` with drive=body-local (right,up,fwd) are the SAME two numbers, only the packing differs. Both file headers carry the same 11-line rationale paragraph almost verbatim.	Consolidating requires renaming the type into a neutral name in SpaceGame.Locomotion, which both creature asmdefs already reference. Verified data-safe: the serialized field is a plain [System.Serializable] struct, and Ostrich.prefab lines 402-407 store it as `bounce:` with inline field names and NO struct type name, so a rename cannot orphan the values. No SerializeReference and no `rid:` entries exist anywhere in this domain (grep returned zero).
Assets/Game/Scripts/Creatures/Horse/HorseRideSpring.cs (HorseRideSpringSettings.Default, lines 35-42)	dead-code	high	8 lines	grep -rn 'HorseRideSpringSettings.Default' across Assets/ returns 0 hits. HorseSpineMotion.cs:56-59 inlines the identical numbers (stiffness 38, damping 0.4, gain 26, maxAngle 12, maxDrive 70) in its own field initializer instead of calling it. Contrast OstrichNeckSpringSettings.Default and OstrichNeckGazeSettings.Default, which ARE used (OstrichNeckMotionTests.cs:16,101).	None.
Assets/Game/Scripts/Locomotion/Rig/WalkerLimb.cs (lines 62-67, the 'classic four-joint leg's names' block)	dead-code	high	6 lines	Declares Limb.Coxa/Hip/Knee/Ankle/Foot. grep -rn '\.Coxa\b|\.Knee\b|\.Ankle\b' across all of Assets/ returns hits only in tests that use the SEPARATE accessors on WalkerLimbGeometry (RestKneeAngle) and WalkerLimbSolver.Limits/Result (Knee, AnkleAngle) — never on Limb. Shipping code uses Limb.Anchor, Limb.TipJoint, Limb.Tip, Limb.Root, Limb.Pitch exclusively.	None. The two OTHER 'classic names' blocks (WalkerLimbGeometry.cs:98-114 and WalkerLimbSolver.Types.cs:41-43,103-109) ARE used by WalkerLegSolverTests/WalkerTestRig and must stay.
Assets/Game/Scripts/Locomotion/Ground/WalkerGround.cs (the `clearAbove` parameter chain, lines 112-137 + TrySurface's public visibility)	dead-code	high	~18 lines (14 comment, 4 code) + one parameter on two public methods	`BelowUnder(at, clearAbove, out hit)` carries a 13-line comment explaining a hip-as-floor mechanism that is never exercised: the ONLY call path is LeggedLocomotion.Rig.cs:263 -> WalkerGround.Sample -> TrySurface(at, r, float.NegativeInfinity) -> BelowUnder(..., -inf), so `useHint = clearAbove > at.y` is false on every call in the project. grep for TrySurface/BelowUnder across Assets/Game/Scripts+Tests+Editor returns only WalkerGround.cs's own internal calls — no external caller of either, so TrySurface should also be private.	Keep the 'reach at least `length` BELOW the probe point' arithmetic when dropping the parameter — Below() and BelowUnder(-inf) differ: BelowUnder reaches `length` below `at`, Below reaches `length - startAbove`. Collapsing them naively shortens every foothold ray by rayStartAbove (3 m default).
Assets/Game/Prefabs/Agents/Creatures/{CrabWalker4,CrabWalker6,CrabWalker8,HorseRobot,HumanoidRobot}.prefab + Assets/Game/Scripts/Creatures/{Crab,Horse,Humanoid}/** + Assets/Game/Editor/Creatures/{CrabWalkerBuilder,HorseBuilder}.cs + Assets/Game/Tests/EditMode/{CrabLocomotionTests,CanterGaitTests,HorseLocomotionTests,HumanoidLocomotionTests,HumanoidArmSwingTests}.cs	experiment	medium	~1,500 LOC of runtime scripts (Crab 502, Horse 786, Humanoid 580 minus overlap) + 34 KB of editor builders + ~6 test files	All five prefab GUIDs (ed11f9230c1554739b00da199ccbe588, 6ab8a4f2ddf8442eaa6a353bdd260ca8, 7db63c02c84ef4d48b9867b0695ad422, d8aaa2f7e133e493cb30df949f09b2c3, acd2705fc57724707a313d7b29ea4f79) appear in NO file under Assets/ or ProjectSettings/ except their own .meta — confirmed by direct grep -rl, matching refs.tsv refcount 0 for each. By NAME they are referenced only from Assets/Game/Editor/Creatures/*Builder.cs (menu items that CREATE them) and 4 EditMode/Editor test files. Not in a Resources/ folder (Assets/Game/Resources contains only Cameras, Interiors, Items, MapMeshes, MapTiles), and the project has no Addressables (no Assets/AddressableAssetsData). By contrast Ostrich.prefab has 2 scene references (persistentScene.unity, Ferdinand_Test_world.unity). HumanoidRobot.prefab has no builder at all — CrabWalkerBuilder and HorseBuilder are the only two in Assets/Game/Editor/Creatures.	HIGH RISK OF BEING WRONG-HEADED, and this is a judgement call, not a verdict. This is recent (Aug 2026), well-documented, test-covered work and the Crab/Horse/Humanoid rigs are what proved the shared base generalises — CrabWaveGait exercises 4-8 legs on one component, HumanoidLocomotion is the only rig exercising the forward-knee BendSign path, CanterGait is the only asymmetric gait. Deleting them would remove the base's only multi-machine validation and 6 test files. Recommend the user decide per-family: if these are intended content, they need placing in a scene or a spawn table; if they were architecture proofs, the SCRIPTS are the asset worth keeping and only the unreferenced PREFABS are removable.
Assets/Game/Scripts/Creatures/{Crab,Horse,Humanoid}/SpaceGame.Creatures.*.asmdef (3 of the 4; keep one merged SpaceGame.Creatures)	duplicate	medium	3 asmdef files + 3 .meta; also -4 lines from SpaceGame.Tests.EditMode.asmdef's reference list	All four asmdefs are byte-identical except the `name` field: rootNamespace empty, references exactly ["SpaceGame.Locomotion"], autoReferenced true, no platform or define constraints. No creature assembly references any other creature assembly (grep across all .asmdef confirms only SpaceGame.Tests.EditMode and SpaceGame.Vehicles.Crawler reference them). Assets/Game/Scripts/Creatures/Drivers/ has no asmdef and correctly stays in Assembly-CSharp. Four assemblies for 1,500 LOC is the direct cause of the HorseRideSpring/CanterGait copy-paste — CanterGait.cs:180-183 says so outright: 'GaitLayout ... is internal to that assembly, so these are its two rules restated'.	Prefab component references are GUID-based (`m_Script: {guid: ...}`) and assembly-agnostic, so no prefab breaks. Verified no SerializeReference in this domain (which WOULD store the assembly name and break). Only cost: a full-domain recompile instead of per-creature, which for 1,500 LOC is noise.
Test-only / zero-reference public API across the domain	dead-code	high	~45 lines total across 8 files	Each verified by grep across Assets/Game/{Scripts,Tests,Editor}: OstrichNeckSpring.Velocity + HorseRideSpring.Velocity (0 hits); .Configure() on OstrichNeckSpring, HorseRideSpring, OstrichNeckGaze (0 hits); OstrichNeckGaze.Target and .Reset() (0 hits); OstrichNeckMotion.GazeAngles + .BounceAngles (0 hits — the tests drive OstrichNeckGaze/OstrichNeckSpring directly); WalkerArm.Unreachable (0 hits); WalkerLimbPose.Joints.Hip/Knee/Ankle (tests only, WalkerLegPoseTests.cs:56-58); WalkerLimbSolver.SoleFromResult (tests only); WalkerPath.RemainingCorners + RemainingDistance (tests only, WalkerPathTests.cs:66,115,164-190); WalkerLimbSolver.Result.Clamped is WRITTEN at WalkerLimbSolver.cs:221 and read only by tests — shipping code deliberately uses ReachFraction > 1 instead (LeggedLocomotion.Ik.cs:36-41 explains why).	The test-only ones (SoleFromResult, RemainingDistance, Joints.Hip/Knee/Ankle, Result.Clamped) are legitimate test seams — removing them means rewriting assertions. Only the true 0-hit ones (Velocity ×2, Configure ×3, Gaze.Target, Gaze.Reset, GazeAngles, BounceAngles, WalkerArm.Unreachable — ~20 lines) are free to delete.
Assets/Game/Scenes/World/Chunks/Chunk_{X}_{Y}.unity for X in 0..19, Y in 0..11 EXCLUDING (X in 0..7 AND Y in 0..5) — 192 files + 192 .meta	superseded	high	42,810,571 bytes (42.8 MB) of .unity; 41.4 MB of that is Chunk_18_10 alone	GROUND TRUTH, fully derived: 240 chunk scenes exist in Assets/Game/Scenes/World/Chunks/ (a complete 20x12 grid, Chunk_0_0..Chunk_19_11). Assets/Game/Settings/WorldStreamingConfig.asset declares gridDimensions {x:8,y:6} and exactly 48 chunks: Chunk_0_0..Chunk_7_5. Set difference = 192. `comm -13` of on-disk names vs config sceneNames returns 192 rows and ZERO config entries missing on disk. (1) None of the 192 appear in WorldStreamingConfig.asset. (2) None appear in Assets/Game/Settings/FerdinandWorldStreamingConfig.asset (that config lists only FerdinandChunk_0_0..FerdinandChunk_3_1, a separate 4x2 world in Assets/Game/Scenes/Tests/FerdinandWorld/Chunks/). (3) refs.tsv: all 192 have refcount 0 or 1, and the sole referencer on every non-zero row is ProjectSettings/EditorBuildSettings.asset. (4) DECISIVE: each of the 192 contains `m_TerrainData: {fileID: ..., guid: <G>}` where <G> is declared by NO .meta anywhere in the project — I resolved all 228 distinct TerrainData GUIDs referenced by chunk scenes: the 36 GUIDs used by the config's hasTerrain:1 chunks (cols 2..7) all map into Assets/Game/Terrain/ChunkData/, while every orphan's GUID appears in exactly ONE file — its own scene. Spot-checked 7 GUIDs with a full-project grep (3794b489/a20c5ce9/2288e721/f8a400b5/55fc30e9/2b0804a4/f82ab0bf): each returns only its own chunk scene. So all 192 already have broken Terrain references. (5) WorldStreamer never loads a chunk by name pattern — ExecuteLoad reads config.GetChunk(coord).sceneName, so a scene outside config.chunks is unreachable at runtime. (6) 187 of the 192 are boilerplate (~6.3 KB, 1 GameObject: an empty Terrain). Only 5 carry content: Chunk_18_10 (41.4 MB), Chunk_17_10 (157 KB), Chunk_19_10 (18 KB), Chunk_17_9 (12.7 KB), Chunk_18_9 (10.9 KB). (7) Chunk_18_10 is provably the stale predecessor of the live Chunk_7_5: both ~41.4 MB, both carry SettlementSpawner+SettlementBuilder+Cactus+NpcBrain, but Chunk_18_10 references 5 MonoBehaviour script GUIDs that exist nowhere in the project (acdc445562c6e420c8ef8cec6ec54ffb, d5a57f767e5e46a458fc5d3c628d0cbb, 434b1cb41931349a580b035d41199472, e03ab404b2c7f45b6930746c2df20c86, 5ab4e14ea8b148f7b3f4ef0a5fefac42 — 5 missing scripts) while Chunk_7_5's 18 script GUIDs all resolve. CAVEAT on my GUID scan: Assets/Game/Scenes/Minigames/MinigameArena.unity is stored BINARY (14.7 MB, not YAML), so ASCII GUID grep cannot see inside it. This does not affect the conclusion — chunk scenes are only ever reached through config.chunks, and every orphan is already broken.	All 192 are currently enabled:1 in EditorBuildSettings, so deleting the scenes without also deleting their EditorBuildSettings rows leaves 192 rows pointing at missing files (same defect the file already has for TestInterior/InsideRuin). Delete scenes + .meta + the matching EditorBuildSettings entries together. Before deleting Chunk_18_10 / Chunk_17_10 / Chunk_19_10 / Chunk_17_9 / Chunk_18_9, open them once and confirm nothing hand-authored is worth salvaging into the live 8x6 grid — Chunk_17_10 holds a hand-placed robot settlement (FoundationPad_Barracks x8, FoundationPad_Turret x2, FoundationPad_Eco_hub, FoundationPad_ShieldGenerator + a MapPOI) that exists nowhere else.
Assets/Game/Scenes/World/MasterScene.unity	superseded	high	284 KB (289,485 bytes)	orphans.tsv lists it (GUID 93ae716ac36a04088ad794e1810e83af appears in no other file); I re-verified with a full grep over Assets + ProjectSettings — zero hits outside its own .meta. NOT present in ProjectSettings/EditorBuildSettings.asset (I enumerated all 263 entries; MasterScene is absent while persistentScene is present). Content confirms it is the predecessor of the current streaming world: 209 objects, 9 Terrain objects named `Terrain_(1000.00, 0.00, -1000.00)` .. `Terrain_(3000.00, 0.00, 1000.00)` — a 1000 m terrain grid, superseded by the 500 m chunk grid in WorldStreamingConfig. Also carries `structures`, `temple1`, `rocks`, `environment` roots and a Directional Light.	If any of the hand-placed content (temple1, structures, rocks) has never been re-authored into the 8x6 chunk scenes, deleting this loses the only copy. Open it once and screenshot/salvage before deleting.
Assets/Game/Terrain/TerrainData/MasterScene Terrain/ (whole folder, 10 assets)	superseded	high	19 MB	refs.tsv: 9 of the 10 assets (Terrain_1_-1, Terrain_1_0, Terrain_1_1, Terrain_2_-1, Terrain_2_0, Terrain_2_1, Terrain_3_-1, Terrain_3_0, Terrain_3_1) have refcount 1 and the sole referencer is Assets/Game/Scenes/World/MasterScene.unity, which itself has 0 references and is not in EditorBuildSettings. The 10th, TerrainData_ecf7abf9-ec7b-4129-b73f-644839fd21dd.asset (1.96 MB), has refcount 0 — referenced by nothing at all. Negative-coordinate names (Terrain_1_-1) match MasterScene's 1000 m grid, not the current 8x6 config grid. The live terrain lives in Assets/Game/Terrain/ChunkData/ (36 assets, each refcount 1 from its own Chunk_X_Y.unity, cols 2..7).	Only breaks MasterScene.unity, which is itself dead. Delete as one unit with MasterScene.unity. TerrainData_ecf7abf9... (1.96 MB) is safe to delete independently — zero refs.
Assets/Game/Scripts/World/Caves/AlgaePulse.cs	experiment	high	136 LOC / 5,780 bytes	cs_report.tsv: code_refs=0, guid_refs=0. Also in cs_unreachable.tsv. Independently verified: full-project grep for the type name across Assets returns only (a) its own file and (b) four COMMENT lines in Assets/Game/Art/Shaders/Caves/AlgaeRock.shader ('set by AlgaePulse.cs'). No .unity/.prefab/.asset carries its script GUID (a5... verified via grep of the .meta GUID over Assets+ProjectSettings — zero hits). Nothing calls the public static `AlgaePulse.Instance` or `Trigger(Vector3)`. The feature is half-built: AlgaeRock.shader declares and reads `_AlgaePulseOrigins/_AlgaePulseParams/_AlgaePulseShape` globals, but because no GameObject anywhere carries AlgaePulse those globals are never set, so `_AlgaePulseParams[i].x` is always 0 and the shader's wave branch is permanently inert. Also carries debug scaffolding shipped on by default: `debugTriggerKey = Key.P` fires a wave from any keypress and `logTriggers = true` Debug.Logs every trigger.	None at runtime — nothing instantiates it. If the interaction-wave effect is still wanted, this file is the only implementation and the shader half is already written; removing it means rewriting ~130 lines later. Consider whether the wave block in AlgaeRock.shader (~40 lines around lines 102-109 and 291-293) should go at the same time, since it can never fire without this script.
Assets/Game/Scripts/World/ProceduralGeneration/Cave/Decoration/PrebuiltDecorationRules.cs	dead-code	high	180 LOC / 7,304 bytes	cs_report.tsv: code_refs=0, guid_refs=0; also in cs_unreachable.tsv. Pure `public static class` with 10 factory methods (Stalagmites, Stalactites, Boulders, DebrisPiles, BioluminescentFronds, SporePods, CrystalLattices, PulsingNodules, AlienMoss). Verified: the ONLY occurrence of the identifier anywhere in Assets outside this file is a doc-comment cross-reference — Assets/Game/Scripts/World/ProceduralGeneration/Cave/Profiles/CaveDecorationSettings.cs:8 `/// ... via the prebuilt-rule factory helpers in <see cref="PrebuiltDecorationRules"/>.` No call site. Not a ScriptableObject, not a MonoBehaviour, no CreateAssetMenu, no reflection entry point — a static class cannot be reached by SerializeReference/AddComponent/Resources.Load, so the 0-ref result cannot be a false positive of the kind flagged in the brief.	The 6 CaveProfile assets were presumably authored by hand rather than through these helpers, so nothing regresses. If deleted, also drop the dangling `<see cref>` in CaveDecorationSettings.cs:8 or the XML-doc reference will not resolve.
Assets/Game/Scripts/World/Environment/Visor/PostProcessVisor.cs	superseded	high	61 LOC / ~1.8 KB, plus one dead component slot on Main Camera.prefab	Superseded by its own sibling. The project runs URP: ProjectSettings/GraphicsSettings.asset m_CustomRenderPipeline -> guid 4b83569d67af61e458304325a23e5dfd = Assets/Game/Settings/Mobile_RPAsset.asset, whose m_RendererDataList -> guid 65bc7dbf4170f435aa868c779acfb082 = Assets/Game/Settings/PC_Renderer.asset. PC_Renderer.asset registers Assets/Game/Scripts/World/Environment/Visor/GlassDistortionRenderFeature.cs (guid e29e162683637284c921be5bfd435e6b), a ScriptableRendererFeature that does exactly the same job on the RenderGraph path and sets the same shader properties (_LensCenter, _DistortionStrength). PostProcessVisor implements the effect via `OnRenderImage`, the legacy Built-in-RP image-effect callback, which URP never invokes — so its entire body is dead. It is still attached to Assets/Game/Prefabs/Camera/Main Camera.prefab:143 (the only reference; grep of guid d9b7729b1376efa4ea9c4de0543330b1 over Assets returns that one line plus its own .meta). Also: pure debug scaffolding left in shipping code — 7 Debug.Log/LogError calls, 4 of them inside OnRenderImage (i.e. authored as per-frame logging), 2 that DO fire every session from Awake/Start. Its m_EditorClassIdentifier is `Assembly-CSharp::PostProcessVisor` (no namespace), i.e. the serialized data predates the SpaceGame.World namespace.	Must remove the MonoBehaviour from Main Camera.prefab in the same change or the prefab shows a missing script. Confirm the visor distortion visibly works in play mode first (it should — GlassDistortionRenderFeature is on the active renderer), so you know you are deleting the dead half and not the live half.
Assets/Game/Scenes/World/robotsettlement.prefab	dead-code	high	908 bytes	Read in full: a single GameObject named `robotsettlement` with ONE component, a default Transform. No children, no scripts, no renderer — a completely empty prefab. In orphans.tsv (GUID appears in no other file); refcount 0. Also in the wrong place: it is the only .prefab sitting inside Assets/Game/Scenes/World/.	None. Nothing can reference it and it contains nothing.
Assets/Game/Scenes/World/Chunks/TerrainFeatureBakes/Cliff_seed_0_Mesh.asset, Mesa_seed_0_Mesh.asset, Mesa_seed_2_Mesh.asset	generated	high	1,933,600 bytes (437 KB + 597 KB + 899 KB)	I resolved the GUID of all 42 baked mesh assets in that folder and grepped each over Assets+ProjectSettings. 39 are referenced (all by Assets/Game/Scenes/World/Chunks/Chunk_7_0.unity or Chunk_7_1.unity — the only two chunks carrying TerrainFeatureSpawner+TerrainGenManager). These 3 are referenced by nothing. Their names lack the hash suffix the other 39 carry (Cliff_seed_0_<hash>_Mesh.asset), so they are output from an earlier naming scheme of the same baker (WorldNavMeshBaker/TerrainGenManagerEditor 'Bake & Save'). Independently confirmed by orphans.tsv, which lists exactly these 3 and no other TerrainFeatureBakes asset.	None — regenerable from the TerrainFeatureSpawner seeds even if wrong.
Assets/Game/Scenes/Interiors/CaveBakes/seed_1001_Mesh.asset + seed_1001_NavMesh.asset	generated	high	817,853 bytes (762 KB + 55 KB)	refs.tsv: both refcount 0 (and in orphans.tsv). Their siblings seed_0_Mesh.asset and seed_0_NavMesh.asset have refcount 2, referenced by Assets/Game/Scenes/Interiors/AlgeaCave.unity and Assets/Game/Scenes/Interiors/SandstoneCaveInterior.unity. I confirmed both cave scenes point their CaveSpawner.bakedMesh at the SAME asset (guid e1f6a14d7b8f44d5abb51f45b1b80285 = seed_0), so seed_1001 is a bake nobody adopted.	None — regenerable via CaveSpawner 'Bake & Save' with seed 1001. Overlaps the Scenes/Interiors auditor's scope; flagging because it is cave-generation output.
Assets/Game/Scenes/World/persistentScene/NavMesh-NavMesh.asset	generated	medium	6,540 bytes	refs.tsv refcount 0 / in orphans.tsv. Verified the reason: Assets/Game/Scenes/World/persistentScene.unity has `m_NavMeshData: {fileID: 0}` at BOTH occurrences (lines 121 and 1592), i.e. the scene no longer points at its baked NavMesh. The world NavMesh now comes from Assets/Game/Settings/WorldNavMesh.asset through WorldNavMeshProvider (documented in WorldStreamer.SnapAgentsToNavMesh's XML doc). Note: I checked and did NOT flag the sibling lightmap/EXR/LightingData files — persistentScene.unity:96 does reference LightingData.asset (guid 26df9b79d2aea44adae0b652a4e0a224), so those are live despite showing 0 direct refs.	Low, but if anyone re-points the scene's NavMeshSettings at a scene-local bake this is the file they would have re-baked anyway.
Assets/Game/Scripts/World/Streaming/Diagnostics/ChunkStreamingProbe.cs + Assets/Game/Scripts/World/Streaming/Diagnostics/Editor/ChunkStreamingProbeMenu.cs	experiment	low	316 LOC (269 + 47)	cs_report.tsv: ChunkStreamingProbe code_refs=1 guid_refs=0 — its only caller is ChunkStreamingProbeMenu.cs, which is itself code_refs=0/guid_refs=0 and reachable only through a [MenuItem]. Read in full: a one-off performance measurement harness that walks a synthetic anchor from x=300 to x=3300 at 40 m/s and writes chunk-streaming-probe.txt. Its constants are hardcoded to the current 8x6 grid (TraverseZ=750, StartX=300, EndX=3300 with the comment 'crosses the x=1..6 boundaries'), so it is a snapshot of one investigation, not a maintained tool. Install() is #if UNITY_EDITOR and gated on an EditorPrefs flag, so it cannot run in a shipped game — but the MonoBehaviour class itself is NOT inside #if UNITY_EDITOR, so it compiles into the runtime assembly of every build.	You lose the ability to re-measure streaming hitches without rewriting the harness. It is genuinely useful and genuinely well built — this is a judgement call, not a defect. If kept, MOVE it into the Editor/ folder (see the move findings) so it stops shipping.
Assets/Game/ScriptableObjects/CaveProfiles/AlienBioluminescent.asset, CrystalCavern.asset, LavaTube.asset, SandstoneCave.asset, WetGrotto.asset	unused-asset	low	~27 KB total, but they transitively pin ~20 cave decor FBXs (Stalagmite_01/02, Stalactite_01/02, Boulder_01..04, AlienMossPatch_01, BioluminescentFrond_01, CrystalLattice_01, PulsingNodule_01, SporePodCluster_01) whose ONLY referencers are these profiles	refs.tsv: all five have refcount 0. Only RuinCave.asset has refcount 1 (Assets/Game/Scenes/Interiors/AlgeaCave.unity). Confirmed against the two scenes that carry a CaveSpawner: AlgeaCave.unity:184 sets `profile: {guid: 528e44697ce1e439498a6edb3da6d0ee}`, and SandstoneCaveInterior.unity has no profile assignment at all — it runs CaveSpawner's explicitly-labelled 'Legacy inline shape (used when no profile is assigned)' path. So 5 of the 6 authored cave looks are wired to nothing.	HIGH if wrong: these look like a deliberate authoring library of cave presets, and dropping them also strands the cave decor art that only they reference. Do not delete without asking the user whether the cave-variety feature is still planned. Reported because it is the cave subsystem; note it overlaps the ScriptableObjects/Art auditors' scopes.
Assets/Game/Scripts/Agents/Profiles/EntitySystemSetup.cs	stale-doc	high	113 LOC	File body is `public static class EntitySystemSetup { }` — its own line 110 says "This file contains no runtime code — it is documentation only." grep -rI '\bEntitySystemSetup\b' across Assets/ + ProjectSettings/ (.cs .unity .prefab .asset .json .md) returns ONLY this file. Present in cs_unreachable.tsv and cs_dead_candidates.tsv. Its content is also stale: it instructs the reader to add 8 profile types that no longer exist (EntityProfile_RobotPhil/Roberto/Cath/Ernst, EntityProfile_DesertRat, EntityProfile_HostileRobot, EntityProfile_MountableAnt, EntityProfile_BountyHunter — grep across Assets/: 0 hits each) at 5 prefab paths that no longer exist (Assets/Game/Prefabs/Player/PlayerCharacterNetworked.prefab, .../entities/Robots/Phil.prefab, .../entities/NPC/NPC.prefab, .../entities/hostiles/enemy.prefab, .../entities/MountableAnt.prefab).	None. No runtime code, no type anyone references. Worst case a human loses a wiring guide that is already wrong in 13 of its 13 steps.
Assets/Game/Scripts/Agents/Modules/Cover/ (CoverModule.cs 113 LOC + CoverPoint.cs 85 LOC)	experiment	high	198 LOC (whole folder)	refs.tsv guid_refs = 0 for both. grep for CoverModule, CoverPoint and CoverPointRegistry across Assets/ + ProjectSettings/ (.cs .unity .prefab .asset) returns only these two files plus the stale EntitySystemSetup doc. Both listed in cs_unreachable.tsv. CoverModule cannot function without CoverPoint components placed in scenes, and grep of every .unity/.prefab shows the CoverPoint component was never placed anywhere. No prefab carries CoverModule.	Loses a cover-seeking behaviour that was never wired into a single scene or prefab, so nothing observable changes. If someone intends to finish it, the 198 LOC are recoverable from git.
Assets/Game/Scripts/Agents/Modules/Combat/WeaponSelector.cs	experiment	high	30 LOC	refs.tsv guid_refs = 0, code_refs = 0. grep -rI '\bWeaponSelector\b' across Assets/ + ProjectSettings/ returns ONLY its own file. In cs_unreachable.tsv. It is one of three mutually exclusive, all-unused answers to "which weapon model does the agent show" (the others being WeaponMount and EntityEquipmentController); the shipping answer is AgentRangedCombatModule's own `weapon` + `muzzleSocket` fields plus the FindChildByName("Gun") toggle in its Awake.	None — no prefab has the component, so no weapon model visibility changes.
Assets/Game/Scripts/Agents/Modules/Combat/WeaponMount.cs	experiment	high	64 LOC (+4 lines in AgentRangedCombatModule.cs)	refs.tsv guid_refs = 0 — the component is on no prefab and in no scene. grep for WeaponMount/WeaponSlot across all Assets returns only WeaponMount.cs plus 3 sites in AgentRangedCombatModule.cs: the serialized field (lines 53-54), the GetComponentInChildren fallback (lines 110-111), and the ternaries in FireOne (lines 310-311) which resolve to `weapon`/`muzzleSocket` whenever weaponMount is null — which is always. Its whole public surface (EquipNext, EquipPrevious, OnWeaponChanged, ActiveIndex, SlotCount) has zero call sites anywhere.	Requires editing 4 lines of AgentRangedCombatModule (collapse `weaponMount != null ? weaponMount.ActiveDefinition : weapon` to `weapon`, and the same for the muzzle). Behaviour identical because the ternary already always takes the else branch.
Assets/Game/Scripts/Agents/Entity/EntityEquipmentController.cs	experiment	high	101 LOC	refs.tsv guid_refs = 0, code_refs = 0. grep -rI '\bEntityEquipmentController\b' across Assets/ returns its own file plus one prose mention in a comment at EntityInventoryComponent.cs:3. In cs_unreachable.tsv. Nothing calls EquipSlot/Unequip/UseEquipped. Third of the three dead weapon-holding experiments.	None — no prefab carries it, so no agent loses an equipped item. EntityInventoryComponent (3 prefab refs) and EntityLootTable (3 prefab refs) are unaffected; only the comment on line 3 becomes stale and should be trimmed with it.
Assets/Game/Scripts/Agents/Modules/Facing/FacePlayerModule.cs	duplicate	high	45 LOC	refs.tsv guid_refs = 0; grep across all Assets returns only its own file. Its Tick body is statement-for-statement identical to WatchModule.Tick (47 LOC, also in Modules/Facing/): TargetResolution.Refresh(target, ref retargetTimer, 1f, ...) -> `if (!target) return null` -> distance-vs-radius early out -> `return MoveIntent.StopAndFace(target.position)`. Both Reset() to ModulePriority.Ambient. The only differences are the default FactionRelationship (Allied vs Neutral) and the radius field name (triggerRadius vs detectRadius) — both inspector-editable, so WatchModule with requiredRelationship=Allied is exactly FacePlayerModule.	None — 0 prefab refs. If someone later wants the Allied variant, set WatchModule.requiredRelationship in the inspector.
Assets/Game/Scripts/Agents/Modules/Flocking/FlockingModule.cs	superseded	high	108 LOC (cascades to ~141 with AgentController + AgentContext)	refs.tsv guid_refs = 0 — on no prefab, in no scene. grep hits: its own file, prose comments in AgentController.cs:17 and AgentContext.cs:2, and one `go.GetComponent<FlockingModule>()` at EntityProfileEditors.cs:217 whose result is immediately passed to SetModuleActive(null,false) and no-ops. HerdModule is the shipped group-movement implementation (5 prefab refs, wired to MatchManager.SetHerdId and to ChaseModule.CombatSpreadRadius). Verified cascade: FlockingModule is the ONLY reader of AgentContext.NearbyAgentPositions/NearbyAgentVelocities/NearbyAgentCount (grep 'NearbyAgent' across all .cs returns writers in AgentController.cs:102-104 and readers only in FlockingModule.cs:41-62).	None behaviourally. Deleting it makes AgentController's nearbyAgentScanRadius/nearbyAgentLayer fields, its three 32-element buffers and the OverlapSphere block in BuildContext (lines 87-105) dead too — they should go in the same change or the perf cost stays for nothing. Serialized nearbyAgentScanRadius values on 30+ prefabs become orphan YAML keys, which Unity silently drops.
Assets/Game/Scripts/Agents/Modules/Patrol/BasePatrolModule.cs	duplicate	high	131 LOC	refs.tsv guid_refs = 0; the only reference anywhere is GetOrAdd<BasePatrolModule> at EntityProfileEditors.cs:214 (itself a removal candidate). Functionally a strict subset of PatrolModule's PatrolMode.RadiusBased: both resolve centre as baseTransform/radiusCenter else a lazily captured spawn anchor, both loop Random.insideUnitCircle*radius -> NavMesh.SamplePosition -> re-check offset.sqrMagnitude <= radius^2 -> reject if closer than minDestinationDistance/minMoveDistance, both Random.Range(minWaitTime,maxWaitTime) between points, both Reset() to ModulePriority.Fallback. PatrolModule has 5 prefab refs (PatrolRobot x4, DeathmatchBot) and additionally supports PatrolPoints mode and holdPositionWhileWaiting.	None — 0 prefab refs. Deleting it requires deleting the EntityProfile_GenericEnemy generator block that configures it (which is itself a removal candidate).
Assets/Game/Scripts/Agents/Profiles/EntityProfile_BaseAgent.cs, EntityProfile_NPC.cs, EntityProfile_GenericEnemy.cs, EntityProfile_Vehicle.cs (+ Assets/Game/Editor/Agents/EntityProfileEditors.cs)	experiment	high	188 LOC + 377 LOC editor = 565 LOC	All four profiles have refs.tsv guid_refs = 0 — none is on any prefab. Each is a data-only MonoBehaviour whose header says "Add to a prefab, configure values in the Inspector, then click Generate. After generating, this component can be removed", i.e. one-shot authoring scaffolding, and the removal step was in fact performed everywhere (0 prefab refs). The only reader of each is its [CustomEditor] in Editor/Agents/EntityProfileEditors.cs, which reads them and nothing else. The generator is also stale: it configures BasePatrolModule (0 prefab refs), queries FlockingModule (0 prefab refs), and its motor wiring is a silent no-op (see bug 2). The prefabs it was used to author (PatrolRobot x4, DeathmatchBot) are already fully configured and do not carry the profile.	Loses the one-click prefab-authoring tool. Prefabs already generated are unaffected — every value it sets is serialized on the prefab, not read from the profile at runtime. If the user still authors agents by hand this is a real convenience loss; that is the only reason not to delete. EntityProfileEditors.cs is in Editor/ (outside my scope path) but is dead once the four profiles go — flag to whoever audits Editor/.
Assets/Game/Scripts/Agents/Controller/DuneRiderController.cs + Assets/Game/Prefabs/Agents/Vehicles/Ground/Dune Rider.prefab	superseded	high	300 LOC + 18,678 bytes	Prefab GUID 54a43b7a226440468f0106172f877315: grep -rIl across all of Assets/ + ProjectSettings/ returns only its own .meta (refs.tsv refcount 0), and no .cs loads it by path (grep for 'Dune Rider'/'DuneRider' in all .cs finds only DuneRiderController.cs itself). DuneRiderController's only host is that prefab (refs.tsv refcount 1). The prefab carries exactly DuneRiderController + MountModule — no AgentController, no SteerModule, no IMovementMotor. The controller reimplements from scratch what SteerModule + RigidbodyMotor already do for every other mountable vehicle: it polls Keyboard.current/Gamepad.current directly (ReadKeyboardMove, ReadSprintHeld, ReadHopPressed, lines 178-219) instead of going through InputSystem actions, and hand-rolls its own yaw/throttle-ramp/ground-raycast-hop (ApplyYaw, ApplyThrottle, ApplyHop) — ApplyThrottle lines 230-253 is a near line-for-line rewrite of RigidbodyMotor.DriveFromRider lines 178-222, including the same 'track speed in our own state so ground friction can't drain it' comment.	Loses an unreferenced vehicle. Medium-low: nobody can reach it in game today. Its raw-device input polling is also the only place in the Agents domain that bypasses the Input System action map, so removing it removes an inconsistency.
Assets/Game/Prefabs/Agents/Creatures/MountableAnt.prefab	superseded	high	15,738 bytes	Two MountableAnt prefabs exist. GUID f62742d3949ca494a8efb8b58c71f89d (Creatures) and e3a51fc05fd46456280c95494ea11d8a (Vehicles/Mounts) — grep -rIl for each across all of Assets/ returns only its own .meta, so both are unreferenced, but the Creatures one is provably the OLDER of the pair: its component set is AgentController + NavMeshAgentMotor + AgentAnimatorDriver + HealthComponent + NpcBrain + WanderBehaviour (the self-declared-obsolete legacy brain stack), whereas Vehicles/Mounts has AgentController + NavMeshAgentMotor + AgentAnimatorDriver + HealthComponent + WanderModule + MountModule + SteerModule (the modular stack) plus newer tuning the old one lacks (m_Speed 8 vs 4, walkSpeedMultiplier, enableMountedLeap/mountedLeapCooldown/mountedLeapSampleRadius/riderTurnSpeed/riderForwardTargetDistance/riderStopDistance/riderNavMeshSampleDistance). The Creatures copy additionally carries FOUR unresolvable m_Script GUIDs (434b1cb41931349a580b035d41199472, 5ab4e14ea8b148f7b3f4ef0a5fefac42, acdc445562c6e420c8ef8cec6ec54ffb, e03ab404b2c7f45b6930746c2df20c86) — no .cs.meta anywhere in the project declares them, so those are Missing Script components. Those same 4 GUIDs also appear in Assets/Game/Scenes/World/Chunks/Chunk_18_10.unity.	Deleting the Creatures copy is safe (0 refs). Keep Vehicles/Mounts/MountableAnt.prefab — it is the one an EntityProfile_Vehicle-style mount should point at. Note the 4 orphan script GUIDs also sit in Chunk_18_10.unity; that scene is another auditor's scope but is the same broken component set.
Assets/Game/Scripts/Agents/AI/Motors/FlyingRigidbodyMotor.cs + Assets/Game/Scripts/Agents/Modules/Movement/AirWanderModule.cs + Assets/Game/Prefabs/Agents/Vehicles/Aircraft/Blimp.prefab	experiment	medium	378 + 109 LOC + 10,979 bytes	Blimp.prefab GUID d33ac27917a94aac82652cec4f25841c: grep -rIl across all Assets/ + ProjectSettings/ returns only its own .meta, and no .cs references it by path (grep 'Blimp' in all .cs returns only prose in FlyingRigidbodyMotor/OrnithopterFlightMotor/SteerModule comments). refs.tsv: FlyingRigidbodyMotor guid_refs = 1 (Blimp.prefab only); AirWanderModule guid_refs = 1 (Blimp.prefab only). Its components are AgentController + FlyingRigidbodyMotor + AirWanderModule + MountModule + SteerModule, i.e. Blimp is the sole host of both scripts and is itself orphaned. The two live flying paths are elsewhere and unaffected: OrnithopterFlightMotor (DuneOrnithopter.prefab, built by Editor/Vehicles/OrnithopterBuilder.cs, covered by Editor/Tests/OrnithopterRigWiringTests.cs) and HoverRigidbodyMotor (ShipRV.prefab, built by Editor/Vehicles/ShipRVBuilder.cs, referenced by persistentScene).	Loses the blimp entirely — a self-contained free-3D flying motor with altitude hold. Medium not high because unlike the other candidates this is a complete, working feature that was simply never placed in a scene; the user may want it. Removing FlyingRigidbodyMotor also removes one of the three copies of the rider-latch boilerplate (see refactors).
Assets/Game/Prefabs/Agents/Vehicles/Spacecraft/Ship.prefab	superseded	medium	10,817 bytes	GUID 4938ebdecf1e547a0ac42cc484c9e5d3: grep -rIl across all Assets/ returns only its own .meta. Components are AgentController + RigidbodyMotor + MountModule + SteerModule + InteractableProxy. The current ship is Assets/Game/Prefabs/Agents/Vehicles/Spacecraft/ShipRV.prefab (287 KB, HoverRigidbodyMotor, generated and maintained by Assets/Game/Editor/Vehicles/ShipRVBuilder.cs which hardcodes its path at line 33, referenced by persistentScene.unity and Ferdinand_Test_world.unity). HoverRigidbodyMotor's own header comment (lines 4-17) explicitly documents itself as the deliberate replacement for the flying/rigidbody approach. A third copy of the same idea exists at Assets/Game/Prefabs/Legacy/Vehicles/Ship.prefab.	Loses an unreferenced older ship. Low risk — nothing loads it, and its role is filled by ShipRV. Coordinate with whoever audits Prefabs/Legacy so all three Ships are resolved together.
Assets/Game/Scripts/Agents/Perception/AlertBroadcaster.cs + Assets/Game/Scripts/Agents/Perception/AlertReceiverModule.cs	dead-code	medium	57 + 71 = 128 LOC	The feature has no entry point. grep -rn '\.Broadcast(' across every .cs in Assets/ returns ZERO call sites — only the declaration at AlertBroadcaster.cs:26, prose in AlertReceiverModule's header/ModuleDescription, the stale EntitySystemSetup lines, and GetOrAdd<AlertBroadcaster> in EntityProfileEditors.cs:222. AlertReceiverModule.ReceiveAlert is called from exactly one place — inside AlertBroadcaster.Broadcast — so it is unreachable too. AlertBroadcaster's own header claims "Call Broadcast() from ChaseModule (OnEnterAttackRange), PerceptionModule, or any external trigger": ChaseModule has no OnEnterAttackRange member (grep: 0 hits) and PerceptionModule never calls it. Both components ARE serialized onto 5 live prefabs (PatrolRobot, PatrolRobot 1/2/3, DeathmatchBot), so AlertReceiverModule burns an Awake + a per-frame Tick per agent and can never fire.	Real feature loss on paper, zero observable loss in practice — the ally-alert channel has never fired. Its function is largely covered by the noise channel, which IS wired: EntityAudioModule.cs:109 emits NoiseType.Alert on aggro and HealthReactionModule.cs:111/125 emit Hurt/Death, and NoiseReceiverModule's default aggroOn mask (Alert|Hurt) hands the instigator straight to AgentTargeting.ForceTarget. If the user wants ally alerts, the correct fix is one call from AgentTargeting/ChaseModule rather than keeping 128 inert LOC.
Assets/Game/Scripts/Agents/AI/Brains/NpcBrain.cs + EnemyBrain.cs + IAgentBrain.cs + Assets/Game/Scripts/Agents/AI/Behaviours/WanderBehaviour.cs	superseded	medium	302 + 106 + 9 + 278 = 695 LOC (+ ~13 LOC of fallback in AgentController)	Both brains self-declare it on line 1: "OBSOLETE: Replaced by the modular behaviour system (BehaviourModuleBase / IBehaviourModule). Kept for prefab compatibility." AgentController.cs:145-147 and 230-238 carry the matching legacyBrain fallback, commented "Fall back to legacy brain if present (old NpcBrain / EnemyBrain on same prefab)". Their functionality is fully covered by shipped modules: NpcBrain's five NpcPlayerReactionMode branches map 1:1 onto WatchModule / ApproachModule / KeepDistanceModule / FleeModule, its ProcessIdleLookAround (lines 231-267) is a verbatim reimplementation of IdleLookAroundModule.Tick (lines 34-61), and its FocusOn/interactionFocusTimer is InteractionFocusModule. EnemyBrain is ChaseModule + CloseCombatModule + WanderModule. WanderBehaviour is WanderModule (random roam) + PatrolModule (waypoints, and PatrolModule already imports WanderBehaviour's PatrolSelectionMode enum). Hosts (refs.tsv): WanderBehaviour 15 refs, NpcBrain 14, EnemyBrain 1 — ALL of them Prefabs/Legacy/* (enemy, NPC, NPC_Mechanic, NPC_Prospector, NPC_Settler, NPC_SkittishScavenger, Robots/Phil, Roberto, Cath, Ernst, Templates/Template) plus Creatures/MountableAnt.prefab (also a removal candidate) plus 3 chunk scenes (Chunk_7_5, Chunk_18_10, Tests/FerdinandWorld/FerdinandChunk_3_1). Both brains also still contain the exact defect TargetResolution.cs was written to fix — NpcBrain.cs:145-148 `if (playerTarget) return;` and EnemyBrain.cs:88-91 `if (target) return;` never re-resolve and never drop a corpse.	HIGH and the reason this is medium confidence, not high: 12 Legacy prefabs and 3 shipped chunk scenes carry these components. Deleting the scripts without first deleting or migrating those prefab instances leaves Missing Script components in live streaming chunks. This must be sequenced with whoever audits Assets/Game/Prefabs/Legacy/** — if those prefabs go, this whole 695-LOC layer goes with them and AgentController loses its legacyBrain field, its IAgentBrain resolve loop and the second GetComponentsInChildren pass.
Assets/Game/ScriptableObjects/Factions/Solo/Solo1..Solo16.asset + Assets/Game/ScriptableObjects/Factions/Teams/Team{Red,Blue,Green,Yellow}.asset	unused-asset	low	20 assets, ~14 lines of YAML each	Each carries exactly a factionName string and a debugColor. GUID grep for each (checked Solo1 = caea014a2d4154e0bb03053777b7ef78 and TeamRed = d69aae2bf7f6842298a4d4c229ee33d1) finds them referenced ONLY by Assets/Game/ScriptableObjects/Factions/Core/GlobalRelationships.asset, never by a prefab or scene. Their intended consumer is MatchManager.cs:33/36 (`FactionDefinition[] teamFactions` / `soloFactions`, read by FactionFor()), but the MatchManager script GUID 4e26c1883c39a42b09ab1d3accec3e16 appears in NO scene or prefab (only its own .meta), so those arrays are never populated and the deathmatch minigame is entirely unwired.	HIGH if the user intends to finish the minigame — these 20 assets plus their 400-line GlobalRelationships pair table are exactly the data MatchManager needs for TeamDeathmatch and FFA, and regenerating the relationship matrix by hand is tedious. I am listing them for completeness, not recommending deletion: they are cheap (a few hundred bytes each) and are content awaiting wiring rather than dead experiment. The four Core factions (Player/Robot/NPC + GlobalRelationships) are genuinely live on 8 prefabs and must be kept.
Assets/Game/Scripts/Weapons/Firearms/EnergyRifle.cs	experiment	high	118 loc / 4368 B	cs_report: 0 code_refs, 0 guid_refs. `grep -rn '\bEnergyRifle\b' Assets --include=*.cs --include=*.unity --include=*.prefab --include=*.asset` returns only line 12 of the file itself. GUID f77c1e9af853ac4498624e1bd5dc2fc8 grepped across Assets+ProjectSettings+Packages matches only its own .meta. Its own header comment says "Demonstrates hitscan weapon type extending abstract Weapon base".	None. No prefab, scene or script names the type; it is an abstract-Weapon demo subclass.
Assets/Game/Scripts/Items/Equipped/weapon.cs	dead-code	high	5 loc / 31 B	File content is `namespace SpaceGame.Items { }` — 5 lines, zero declared types (cs_report types column is empty). GUID fc826713f12a30b4a9e0ed31aa882a5c matches only its own .meta across Assets+ProjectSettings+Packages. Also violates the file-naming convention (lowercase) that the brief calls out.	None — an empty namespace declaration compiles to nothing.
Assets/Game/Scripts/Weapons/BallLightning/BallLightningProjectileOld.cs	superseded	high	23 loc / 980 B	Declares `BallLightningProjectile_OLD : MonoBehaviour` with one field `deprecatedDoNotUse` and a doc comment saying it was replaced by Weapons/Projectiles/BallLightningProjectile.cs. GUID beea2d59dad95a04ab83d1dd6f8b42b7 appears in exactly one place besides its .meta: Prefabs/Items/Artifacts/ArtifactResources/BallLightningProjectile.prefab line 281, as a component with `m_Enabled: 0` (disabled) and a stale `m_EditorClassIdentifier: Assembly-CSharp::BallLightningProjectile`. The live component (guid 4daa893b035c3d74eb994a68fc02e9c1) is on the same GameObject at line 364.	Deleting the .cs alone leaves a "missing script" entry on that prefab. Remove the component block (fileID 8231820350441839728, ~13 lines of YAML plus its m_Component entry) in the same change.
Assets/Game/Scripts/Items/Inventory/Components/HotbarController.cs	superseded	high	45 loc / 1666 B	0 code_refs. GUID 07ae79d65a784f59804b97fbf3c94045 appears only in its own .meta and in Prefabs/Characters/Player/Player.prefab (line 111) — the prefab the brief identifies as a dead stub (the real player is PlayerCharacter.prefab, which does NOT contain it). Nothing subscribes to its OnHotbarKeyPressed/OnDropPressed: the live path is PlayerInventoryComponent/PlayerInventoryNetwork subscribing to `player.Input.OnHotbarPressed / OnHotbarScrolled / OnDropPressed` (PlayerInputManager). It also opens its own second `new InputControls()` instance for the same Hotbar action map.	Only if Player.prefab is revived. Delete together with Player.prefab, or accept a missing script on a prefab already declared dead.
Assets/Game/ScriptableObjects/Weapons/BallLightningWeapon.asset	duplicate	high	639 B	refs.tsv refcount 0; GUID dafca351319de1141958e0487e68f3e9 matches only its own .meta across Assets+ProjectSettings+Packages. It is an InventoryItem (m_Script guid e2e489ee… = Items/Core/InventoryItem.cs) with the same itemPrefab (ecdc0f19… CixinGunEquipped) as Resources/Items/Artifacts/BallLightningWeapon.asset, so it duplicates a registered item. Being outside a Resources folder it is never picked up by RegistryLoader's `Resources.LoadAll<InventoryItem>("Items")`, so it is unreachable at runtime even by ID. It is also misfiled: the other three assets in ScriptableObjects/Weapons are AgentAimProfile/AgentFireProfile/AgentWeaponDefinition, not items.	None. Chained: Art/Sprites/Items/BallLightningWeapon.png (refs.tsv refcount 1, this asset is its only referrer) becomes orphaned too — that file is in another auditor's scope.
Assets/Game/ScriptableObjects/Items/Lasso.asset, Leash.asset, GrapplingHook.asset, RuinScanner.asset, RocketArtifact.asset, AntiGravityFlask.asset	duplicate	high	6 files, ~3.7 KB	All six are InventoryItems (same script guid e2e489ee…) whose itemPrefab and icon GUIDs are identical to the Resources/Items/Artifacts copies (verified pairwise: Lasso→bcffc184/e4428f69, GrapplingHook→40fe281b/86e9216d, RuinScanner→196dc304/a62dd5da, RocketArtifact→71e26f7a/6e756e71, AntiGravityFlask→663a29fa/35762b24, Leash→b3cbd114 with the correct Leash icon). Their six GUIDs grepped across Assets+ProjectSettings+Packages appear ONLY in ExpeditionBackpack.prefab (startingStrapItems lines 4591-4596 / startingMainItems 4598-4601) and FieldBackpack.prefab. They sit outside Resources, so RegistryLoader never registers them — see bugs 1 and 2.	ExpeditionBackpack.prefab's startingStrapItems/startingMainItems must be repointed to the Resources/Items/Artifacts equivalents first, otherwise the pack starts empty. Repointing is also the fix for the save/load bug. Note Resources/Items/Artifacts/Leash.asset currently carries the LASSO icon (guid e4428f69) — copy the correct icon (e8e082f4) over when consolidating.
Assets/Game/Prefabs/Items/Equipment/FieldBackpack.prefab	superseded	high	41859 B	refs.tsv refcount 0; GUID d8d638f784bab472cb1b48e4679fcb08 matches only its own .meta. It is the older clamshell pack: hinges are PIVOT_Door_L/PIVOT_Door_R on localAxis (0,0,1) at ±135°, which is exactly what BackpackObject.cs's tooltip calls "the older clamshell" as opposed to the live ExpeditionBackpack (PIVOT_Lid/PIVOT_Panel, localAxis (1,0,0), 95/-105). PlayerCharacter.prefab's BackpackController points at ExpeditionBackpack.prefab, not this. No name-based load: `grep -rn 'FieldBackpack|field_backpack'` over Assets returns only a code comment in BackpackContainer.cs.	Loses the only remaining wiring example for the clamshell rig. Chained: Art/Models/Props/field_backpack.fbx (refs.tsv refcount 1, this prefab is its only referrer) and its material/texture set become orphaned — that FBX is in another auditor's scope.
Assets/Game/Prefabs/Items/Artifacts/ArtifactResources/Line.prefab	dead-code	high	3665 B (+4835 B for the orphan referrer)	Dead two-link chain. Line.prefab (GUID d5ec12e0b522148d7b78b7c3433d0e35) is referenced by exactly one file, Prefabs/VisualEffects/Lines/'line (1) 1.prefab', and that file's own GUID (c019c61c9fab04e538e2a4b7998c60a8) matches nothing but its .meta across Assets+ProjectSettings+Packages (refs.tsv refcount 0). The rope prefab actually used by GrapplingHook.prefab and Lasso.prefab is the different 'line (1).prefab' (refcount 2). Line.prefab itself is a bare LineRenderer GameObject named "line" with no scripts.	None. 'line (1) 1.prefab' should go with it; that file is in another auditor's scope.
Assets/Game/Scripts/Items/Artifacts/RuinScanner/RuinSecret.cs	experiment	medium	171 loc / 6532 B	171 loc, 0 code_refs, 0 guid_refs. GUID bf88a5f83422048b2a9ccb544728772d matches only its own .meta across Assets+ProjectSettings+Packages, i.e. the component has never been placed on a prefab or in a scene. It is the ONLY implementation of IRuinSecret (`grep -rn IRuinSecret` returns just this file, the interface, and RuinScannerArtifact's HashSet/GetComponentInParent calls), so RuinScannerArtifact's entire reveal half currently has nothing to reveal — the artifact only produces its RuinScannerPulse cone VFX.	Medium: this is the intended payload of a half-built feature, not junk. Deleting it (and then IRuinSecret, 17 loc, plus the reveal branch of RuinScannerArtifact) commits to the scanner being VFX-only. Keep if ruins-with-secrets is still on the roadmap; the honest alternative is to place one RuinSecret in a ruin prefab and finish the feature.
Assets/Game/Prefabs/Items/Debug/Cube.prefab, Sphere.prefab + Assets/Game/Resources/Items/Debug/Cube.asset, Sphere.asset	dead-code	low	4 files, ~12.9 KB	Pure dev scaffolding: primitive-mesh pickups whose InventoryItems live in Resources/Items/Debug so they show up in DevInventoryUI's Registry<InventoryItem>.All listing. Their only referrers are DefaultNetworkPrefabs(.asset / ' Unused'.asset) and the developer test scenes Emil/Marius test scene — no world/persistent scene references them (verified in refs.tsv).	Removing them breaks the two named test scenes and requires the entries to be pulled from both DefaultNetworkPrefabs lists (NetworkPrefabRegistrationTests asserts no null entries). They are cheap and genuinely useful for testing pickup/networking, so this is a judgement call, not a defect.
Assets/Game/Prefabs/Items/Artifacts/ArtifactResources/RocketProjectile.prefab (the BasicProjectile component only, not the prefab)	dead-code	medium	~10 lines of prefab YAML	The prefab carries BasicProjectile (line 71, hitMask all, destroyOnHit 1, damage 10, speed 50) but its only spawner, Agents/Modules/Combat/RocketLauncherTurret.Fire() (line 79-90), never calls Initialize() or StartLifetime() — it adds/uses TurretProjectile + Rigidbody.linearVelocity instead. BasicProjectile.UpdateMovement returns immediately while `initialized` is false, and lifeTime is only armed by StartLifetime, so the component contributes nothing: the rocket flies on physics and is damaged-scored by TurretProjectile.	Low. Verify no other spawner uses this prefab (refs.tsv: only RocketSpawn.prefab). Removing the component also removes the misleading duplicate damage number (10 here vs RocketLauncherTurret's damagePerHit 50).
docs/architecture/CutsceneExamples.md.meta	orphan-scene	high	158 bytes / 7 lines	A Unity .meta file for an asset OUTSIDE Assets/ — Unity never imports docs/, so this file is inert. Contains guid 4eeb7a7fe57a3424286bc465d7803361; `grep -rl 4eeb7a7fe57a3424286bc465d7803361 .` over the whole repo (all .unity/.prefab/.asset/.meta/.cs) returns only the file itself. Left behind when the doc was moved out of Assets/ during the restructure.	None. Unity cannot see it; nothing references its GUID.
docs/architecture/EntitySystem.md	superseded	high	7,864 bytes / 150 lines	Superseded by docs/architecture/AgentSystem.md (451 lines, same subject, current). Its profile table lists 10 EntityProfile_* components; `grep -rn 'class EntityProfile' Assets/Game/Scripts` returns exactly FOUR: EntityProfile_BaseAgent, EntityProfile_GenericEnemy, EntityProfile_NPC, EntityProfile_Vehicle. The other nine (HostileRobot, RobotPhil, RobotRoberto, RobotCath, RobotErnst, RobotHerdPatrol, DesertRat, BountyHunter, MountableAnt) do not exist anywhere in Assets/. It also documents StrafeModule (0 hits repo-wide) and EntityCombatModule (only a comment in EnemyBrain.cs).	Loses the priority-constant table, which AgentSystem.md may state differently — diff the two priority tables before deleting.
docs/architecture/InteriorScenes.md	duplicate	high	4,484 bytes / 53 lines	Both this file and docs/architecture/Interiors.md open with the identical H1 `# Interiors` and describe the same server-authoritative additive interior loader. This copy documents InteriorEntrance.cs and InteriorExit.cs as **Legacy** and points at `InteractableTransitionTrigger`, a type that no longer exists (renamed to InteractableTrigger — `grep` for the old name across Assets returns only two scene help-text strings and one .cs comment). Line 5 links to `../Transitions/README.md`; `ls docs/` shows only `architecture` and `superpowers`, so the link is dead.	Its 'Caveats / known limitations' section (single shared instance, loaded at world origin, in-memory return info) may not be duplicated in Interiors.md — merge that section across before deleting.
docs/architecture/TerrainGeneration.md	stale-doc	medium	30,800 bytes / 515 lines	Documents a feature set that no longer exists. Grepping Assets/ for the declared types returns ZERO hits for ArchingCaveFeature, BadlandsMazeFeature, FeatureSpline and VoxelSdfDensity; the doc also names ArchingCaveChunker/Placer/Planner/Plan/Sdf/Settings, BadlandsMazeChunker/Placer/Planner/Plan/Sdf/Settings, FeaturePath.cs, FlatPadFeature.cs and Boulders{Scatter,Sdf,Settings} — 18 .cs filenames with no counterpart on disk. `find Assets/Game/Scripts -ipath '*terrain*' -name '*.cs'` shows the surviving feature set is exactly two files: CliffFeature.cs and MesaFeature.cs.	The marching-cubes / footprint / density sections may still describe live code (TerrainMarchingCubesMesher, FeatureFootprint, HeightfieldDensity all exist). Rewrite rather than delete wholesale, or the only description of the live mesher goes too.
Archive/BlenderSnapshots/	backup	medium	16,765,539 bytes (16.0 MiB), 12 files	12 hand-named rollback snapshots (desert_crawler_PRENECK/PRETAIL/PRECOLLECTOR/PREDIGGER/PRERESEAT/PREFOOTFIX/HANDSTATE/WITH_TAIL_RECOVERED x9, field_backpack_PRE_NET_REBUILD, field_backpack_PRE_CABINET_REBUILD, ostrich_PRENECK_BACKUP). `git log --oneline --all -- <each>` returns 1 commit for every one, so git holds a full copy of each snapshot: deleting them from the working tree loses nothing recoverable. All the states they guard have since been superseded — neck, tail, collector and digger all landed in the live desert_crawler.blend, and the live ostrich.blend exists at Assets/Game/Art/Models/Creatures/Robotic/Ostrich/ostrich.blend (I checked specifically because MEMORY.md warns there is no git backup for it — there is now).	If a snapshot were ever needed it must be recovered via `git show <commit>:<path>` rather than from disk. Repo size is unaffected (blobs stay in history) — this only slims the checkout.
Archive/BlenderSources/CaveAlienAssets_Source.blend	unused-asset	medium	276,808 bytes (270 KB)	`grep -ril CaveAlien Assets docs .claude` returns nothing — zero references in code, prefabs, scenes, docs or the blender-model skill. No corresponding FBX or imported model exists under Assets/Game/Art/Models. Committed once (1 commit), so history retains it.	If the cave alien art is a planned asset, this is the only source. Nothing currently consumes it.
fmod_editor.log	generated	high	3,281 bytes	`git ls-files --error-unmatch fmod_editor.log` → 'did not match any file(s) known to git', and `git check-ignore -v` shows it matched by `.gitignore:17:*.log`. So it is an untracked FMOD editor log sitting at repo root, correctly ignored but never cleaned up. Last written Aug 12 01:59.	None — untracked and gitignored.
.claude/skills/blender-model/scripts/__pycache__/	generated	high	1 file	`git check-ignore -v` → matched by `.gitignore:24:__pycache__/`, so untracked. Contains index_library.cpython-313.pyc, bytecode regenerated on every skill run.	None.
.gitignore line 'Assets/Scenes/Chunks/'	dead-code	high	1 line	`ls -d Assets/Scenes/Chunks` → No such file or directory. `find Assets -type d -name Chunks` shows the two real locations: Assets/Game/Scenes/World/Chunks and Assets/Game/Scenes/Tests/FerdinandWorld/Chunks. `git ls-files | grep -c 'Chunks/'` = 581, i.e. the chunk scenes are deliberately TRACKED. The rule is a dead leftover from the pre-restructure layout and, worse, is misleading — it reads as if chunks are excluded.	None; it currently matches nothing.
.claude/settings.json — 5 of 17 allow-list entries	dead-code	high	5 lines	Five entries name pre-restructure paths that no longer exist, so they can never match again: `Assets/Scripts/agents/AI/motor/NavMeshAgentJumpMotor.cs`, `Assets/Scripts/` (grep allow), `Assets/Scenes/Interiors/InsideRuin.unity` (x2 awk allows), `Assets/Scenes/world/persistentScene.unity` (in settings.local.json). Verified: Assets/Scripts and Assets/Scenes do not exist — the tree is Assets/Game/Scripts and Assets/Game/Scenes. They are also hyper-specific whole-command literals (one exact awk invocation) that would not match again even with corrected paths.	None — dead allow-list entries only add prompt noise.
Packages/manifest.json — com.unity.timeline (1.8.11)	vendor-demo	medium	1 manifest line	`grep -rl 'Timeline\|PlayableDirector\|PlayableAsset' Assets/Game Assets/ThirdParty` returns nothing, and `find Assets -name '*.playable' -o -name '*.signal'` returns nothing. The cutscene system is hand-written: Assets/Game/Scripts/Presentation/Cutscenes/{Actions,Core,UI}. Also probed .asset files for TimelineAsset — 0 hits.	com.unity.visualscripting or the URP samples may declare a transitive dependency, in which case Unity silently re-adds it — harmless. Timeline is a player-code package, so removal shrinks the build.
Packages/manifest.json — com.unity.ai.assistant (2.6.0-pre.1) and com.unity.collab-proxy (2.11.4)	vendor-demo	medium	2 manifest lines	Zero references across all .cs/.unity/.prefab/.asset in Assets (probed for Unity.AI.Assistant and Unity.PlasticSCM). collab-proxy is Unity Version Control; this project is on git (.git present, 5,447 tracked files). ai.assistant is pinned to a PRE-RELEASE version in a shipping project.	Both are editor-only, so no build impact either way; removing them only cuts editor import time and the pre-release pin. If someone actually uses the AI Assistant window it disappears.
Packages/manifest.json — com.unity.modules.{tilemap,vr,xr,video,vectorgraphics}	dead-code	medium	5 manifest lines	Probed Assets (excluding Plugins) for Tilemap, UnityEngine.XR, VideoPlayer and Unity.VectorGraphics: 0 files each. These are built-in engine modules whose only cost is player build size.	Low, but Unity re-adds a built-in module automatically if any package declares it, and removing a module a future feature needs produces a confusing compile error rather than a clear one. Do these last and one at a time.
Assets/Game/Editor/Tests/WalkerPlatformCarrierTests.cs — the [Ignore]d test	dead-code	medium	~30 lines of the 219-line file	Line 103 carries `[Ignore("Carry is still a pose write. Deliberate: expressing it as velocity needs the ... is parked for now. This test is the contract that work has to satisfy.")]`. A permanently-skipped test documenting an aspiration — it never runs, so it asserts nothing. The prose belongs in a comment on WalkerPlatformCarrier, not in a fixture the runner reports as skipped forever.	Loses the written contract for future velocity-based carry work — keep the text as a comment on the production class.
Assets/Game/Scripts/Presentation/UI/Map/MapUI.cs	superseded	high	601 loc	GUID 0f251ffe17ec740bfb816f21df78039b appears ONLY in its own .meta across all of Assets/ + ProjectSettings/ (grep -rl). Declared types MapUI and MarkerVisual appear in no other .cs file (grep -rn 'MapUI' --include=*.cs excluding the Map folder returns nothing). Not in EditorBuildSettings. Superseded by MapHologramTerrain (GUID 77b0f783117524e86a88023381402ca7), which IS live: MapHologramTerrain.prefab (12c9fe0861d3c4309a988da2a133a969) is instanced in persistentScene.unity and Ferdinand_Test_world.unity. refcount 0 in refs.tsv.	Removes the project's only 2D/screen-space minimap. If the 3D hologram is ever judged too heavy for a corner-of-screen minimap this is the code you would restart from. Nothing at runtime breaks.
Assets/Game/Resources/MapTiles/ (240 PNGs + 240 .meta)	unused-asset	high	240 files, 127,440 bytes of PNG (1.9 MB of disk blocks); 240 texture assets forced into every build because they sit under Resources/	The only loader in the codebase is MapUI.cs:560 `Resources.Load<Sprite>($"MapTiles/Tile_{coord.x}_{coord.y}")`; grep -rn 'MapTiles' --include=*.cs over Assets/ returns only MapUI.cs:560 and MapTileBaker.cs (doc comment + output path). MapUI is itself 100% dead (row above). All 240 have refcount 0 in refs.tsv and appear in orphans.tsv. Independently stale: tile coords span x 0-19, y 0-11 (20x12 = 240) while WorldStreamingConfig.asset defines 48 chunks at 8x6 (x 0-7, y 0-5), so 192 of the 240 could never be addressed even if MapUI were revived.	If the 2D map is revived it must be re-baked (Editor window exists: MapTileBaker, output path Assets/Game/Resources/MapTiles). Re-baking is required anyway for the current 8x6 grid, so the existing tiles have no salvage value.
Assets/Game/Scripts/Presentation/UI/Map/MapTextures.cs	dead-code	high	172 loc	GUID b04e98f9ab64a434c80db681bcfcd1b5 appears only in its own .meta. grep -rn 'MapTextures' --include=*.cs over Assets/ returns only MapUI.cs (5 call sites: White, HexGrid, Scanlines, Triangle, RingMarker). Dies with MapUI. Distinct from UITheme, which is the live equivalent used by the 4 modern screens.	None beyond MapUI. Its procedural-sprite technique is duplicated (better) in UITheme.
Assets/Game/Scripts/Presentation/UI/Map/MapPOIController.cs	experiment	high	270 loc	GUID ed020b419ba3e4c07a5d119a8a02b015 appears only in its own .meta — never placed in any scene or prefab. grep -rn 'MapPOIController' --include=*.cs returns only its own file. A runtime 'press P, type a name, drop a POI' debug tool that builds its own Canvas + EventSystem. Its public RemoveAllDroppedPOIs() has 0 callers project-wide.	Loses an in-game POI-authoring tool. MapPOI.cs (live, in Chunk_17_10) is the design-time equivalent, so authoring POIs is still possible.
Assets/Game/Scripts/Presentation/UI/Map/MapMarker.cs	dead-code	high	57 loc	GUID 388245b7c5f3d4abb801d58a7d511ac0 appears only in its own .meta — never on any GameObject. grep -rn 'MapMarker\b' --include=*.cs finds no consumer (MapMarkerType and MapMarkerColors are a different, live file). Superseded by MapPOI.cs (GUID d1a4e319f9f54471fa9f6c3d16156d80), which does the same MapService registration with a stable id so chunk reload does not duplicate, and IS placed in Chunk_17_10.unity.	MapService.RegisterMarker() and RemoveMarker() lose their only callers and become dead too (see refactor note). MapHologramTerrain's OnMarkerRemoved subscription would then never fire.
Assets/Game/Art/Shaders/UI/Map/MapHolographic.shader	unused-asset	high	94 lines	GUID ccb83f045de7c4cb09bbed8bd628f560 appears only in its own .meta — no material, scene or prefab references it. Its declared name is `Shader "UI/MapHolographic"`, and the only Shader.Find for that string in the whole project is MapUI.cs:104 (dead). It is NOT in ProjectSettings/GraphicsSettings.asset m_AlwaysIncludedShaders (which contains only 7 built-in Unity shaders, all guid 0000000000000000f000000000000000).	None — it is already unreachable in player builds for the same stripping reason described in bug 1, and its only caller is being removed.
Assets/Game/Scripts/Presentation/UI/LobbyMenu/Core/Entity.cs	experiment	high	27 loc	GUID f1fce6cae5186384986e8309a2b0cd20 appears only in its own .meta. The bare token `Entity` (word-boundary grep, excluding EntityProfile/EntityAI/IEntity/EntityFaction/EntityTargetRegistry etc.) appears exactly ONCE in all of Assets/Game/**/*.cs — its own declaration on line 6. Body is an empty Start(), an empty die(), and `if (health <= 0) die();`. Carries an unused `using UnityEngine.Rendering`, 2-space indentation against the project's 4, and sits in a LobbyMenu UI folder despite being a health stub.	None. Note the type name is generic enough that leaving it risks a future ambiguity clash with the real agent Entity* types.
Assets/Game/Scripts/Presentation/UI/LobbyMenu/Flow/StartingGameManager.cs	superseded	high	43 loc	GUID 5d5ee3a2915d5ed43802c9e266019fae appears only in its own .meta; grep -rn 'StartingGameManager' --include=*.cs returns only its own file. Its sole method static async void StartGame(Lobby) has 0 callers and is not UnityEvent-bound (no occurrence in any .unity/.prefab). Superseded by LobbySystem.StartLobbyGame() at LobbySystem.cs:423, which performs the same host check + UpdateLobbyOptions{IsLocked=true} + NetworkManager.SceneManager.LoadScene, plus a convergence wait and error reporting. Also hardcodes the destination 'Tommy test scene' and imports the obsolete UNet namespace UnityEngine.Networking. Removing it empties the UI/LobbyMenu/Flow/ folder.	None — it is a NetworkBehaviour that was never placed on a NetworkObject and never invoked.
Assets/Game/Scripts/Presentation/Audio/AudioTestThingy.cs	experiment	high	20 loc	GUID cda71babeb894d84883a7e9a75cc57b1 appears in exactly two files: its own .meta and Assets/Game/Scenes/Tests/Markus Music Test Scene.unity. Not referenced from any shipping scene. Entire body is one commented-out line (`//RuntimeManager.PlayOneShot("event:/Music/TestSong"); Works!`) plus an empty Update().	Leaves a missing-script warning on the Markus Music Test Scene GameObject unless that object is removed too. That scene is test-only.
Assets/Game/Prefabs/UI/HUD/Interact.prefab	superseded	high	1 prefab + .meta	GUID 847b4ee92ba683c4892258a4da28f2a7 appears only in its own .meta (grep -rl over Assets/ + ProjectSettings/); refcount 0 in refs.tsv. Contents are a root 'Interact' with one TMP text child named 'PressToInteract' and two package component GUIDs (22e1d59f9dc944c0888cb501c3d5977f, f4688fdb7df04437aeb418b961361dc5) — no project scripts at all. Superseded by InteractionPromptUI.cs (233 loc), which is live on PlayerHUD.prefab and builds prompts at runtime via InteractionPromptResolver.	None — a static authored prompt panel that nothing instantiates.
Assets/Game/Scripts/Presentation/Cutscenes/Actions/ThirdPersonWalkThroughCutscene.cs	dead-code	medium	115 loc	refs.tsv: referenced only by Example_WalkThroughDoor_TP.prefab and VisualEffects/CutsceneExamples/CutsceneDoor.prefab — BOTH have refcount 0 (verified: all 11 prefabs under Prefabs/Cutscenes/ and Prefabs/VisualEffects/CutsceneExamples/ have refcount 0, i.e. none is instanced in any scene). No .cs references it. Contrast LookAtCutscene.cs, which I verified IS live: guid c25ef1ecbaa9444bcb85c8c5f7a74670 is a real wired component in Chunk_7_5.unity at line 28769 with target/blendInDuration/holdDuration/blendOutDuration set.	Removes the reference implementation of the third-person cutscene camera. The cutscene CORE (Cutscene, CutsceneAction, CutsceneRunner, CutsceneDirector, LetterboxOverlay) and LookAtCutscene are all live and must stay. The 11 example prefabs themselves fall in another auditor's scope (Prefabs/Cutscenes, Prefabs/VisualEffects) — coordinate so scripts and prefabs go together, or you get missing-script warnings.
Assets/Game/Scripts/Presentation/Cutscenes/Actions/CameraShakeCutscene.cs	dead-code	medium	59 loc	refs.tsv: referenced only by Example_CameraShake_Rubble.prefab, Example_TriggerVolume_Shake.prefab and CutsceneExamples/CutsceneDoor_C.prefab — all three refcount 0. No .cs references it.	Same as ThirdPersonWalkThroughCutscene — loses a worked example of the CutsceneAction API. Only remove together with the example prefabs.
Assets/Game/Scripts/Presentation/Cutscenes/Actions/WalkThroughDoorCutscene.cs	dead-code	medium	60 loc	refs.tsv: referenced only by Example_InteriorPortalDoor.prefab and Example_WalkThroughDoor_FP.prefab — both refcount 0. No .cs references it.	Same as above. Note Example_InteriorPortalDoor.prefab also wires Resources/Interiors/* assets that ARE used by live Chunk_7_5 and FerdinandChunk_3_1 — do not let removal of the prefab cascade into those .asset files.
Assets/Game/Prefabs/Legacy/ (all 12 prefabs: Hostiles/enemy, NPC/{NPC,NPC_Mechanic,NPC_Prospector,NPC_Settler,NPC_SkittishScavenger}, Robots/{Cath,Ernst,Phil,Roberto}, Templates/Template, Vehicles/Ship)	superseded	high	12 prefabs + 12 .meta, 0.56 MB	TOP-PRIORITY DELIVERABLE, fully resolved: ALL 12 are dead, ZERO are referenced by any live scene or prefab. Independently verified — extracted each prefab's GUID from its .meta and walked every file under Assets/, ProjectSettings/ and Packages/ (script a10_guids.py): 0 hits each (de3c7d2f…, 37057018…, ef1c1bb9…, 2ff8fdc0…, 5d86419e…, 42c39e59…, 4612134d…, 1d5901f3…, ae7c5429…, 02d82bf5…, 21e95623…, 7ea3f1a0…). Matches refs.tsv refcount=0 for all 12. Not in EditorBuildSettings. Not loadable by string: none are under a Resources/ folder, and grep of all .cs for the names NPC_Mechanic / NPC_Prospector / NPC_Settler / SkittishScavenger returns 0 hits; 'Roberto' and 'Ernst' appear only inside comments in Agents/Profiles/EntitySystemSetup.cs. git log --follow shows the path history: Assets/Prefabs/entities/ -> 'entities - legacy(still works)' (commit 1b8b4170) -> Legacy/ (b78bb097) -> Assets/Game/Prefabs/Legacy (4dfd6e83) — i.e. explicitly parked as a fallback during the modular-entity rewrite. Superseded by live equivalents: Cath->Agents/Robots/PatrolRobot.prefab (3 refs), Roberto->PatrolRobot 1 (2), Phil->PatrolRobot 2 (2), Ernst->PatrolRobot 3 (2); Legacy/Vehicles/Ship is a 100%-GUID-identical twin of Agents/Vehicles/Spacecraft/Ship.prefab (which is itself dead — the live ship is Prefabs/Vehicles/Ship.prefab, 7 refs).	Loses the pre-rewrite AI wiring reference (EnemyBrain.cs is referenced ONLY by Legacy/Hostiles/enemy.prefab, so deleting it makes that script dead too — hand off to the scripts auditor). Nothing at runtime or in the build changes. Zero risk to any scene.
Assets/Game/Scenes/World/MasterScene.unity + Assets/Game/Terrain/TerrainData/MasterScene Terrain/ (10 assets) + the 14 prefabs it is the sole referencer of	superseded	high	18.99 MB across 11 files, plus 14 cascade prefabs (~0.1 MB)	MasterScene.unity: refcount 0 in refs.tsv, absent from ProjectSettings/EditorBuildSettings.asset (verified: 263 entries, 15 non-chunk, MasterScene not among them), and grep of all .cs for 'MasterScene' returns 0 hits (no SceneManager.LoadScene by name). Content dump: 14 GameObjects, 1 MonoBehaviour — nine Terrain_(x,y,z) objects at 1000 m spacing plus 'structures'/'rocks'/'environment'/'temple1' — i.e. the hand-built 3x3 km world that Scenes/World/Chunks (248 chunk scenes) + Terrain/ChunkData (36 TerrainData_x_y assets) replaced. Exclusive cascade computed with a10_soleref.py against refs.tsv: 23 assets whose ONLY referencer is MasterScene.unity — Terrain_1_-1/1_0/1_1/2_-1/2_0/2_1/3_-1/3_0/3_1.asset, Prefabs/Environment/Nature/Rocks/Cube.{001,005,007,014,015,020,023,024,026,027,028}.prefab, Prefabs/Environment/Nature/Plants/{Cactus,Beavertail,Candelabre-thorns}.prefab. Plus TerrainData_ecf7abf9-ec7b-4129-b73f-644839fd21dd.asset (1.96 MB) in the same folder which is already at refcount 0 — a stray from an older bake.	Irreversible loss of the hand-sculpted 3x3 heightmaps if anyone still wants to re-bake from them. The Cube.0NN prefabs are all slices of the SAME source mesh (TempDemo/DemoScene.fbx, 35 refs) so the geometry itself survives. Delete the scene first and leave the terrain assets one release if nervous.
Assets/Game/Prefabs/Cutscenes/ (6 prefabs) and Assets/Game/Prefabs/VisualEffects/CutsceneExamples/ (5 prefabs)	experiment	high	11 prefabs, 0.14 MB	Two parallel example sets for the same feature, both entirely unreferenced. All 11 have refcount 0 in refs.tsv. Near-duplicate detection (a10_dupe.py, Jaccard over referenced-GUID multisets) pairs them across the two folders at 1.00/1.00/0.75: Cutscenes/Example_LookAt_Beacon == CutsceneExamples/CutsceneDoor_B (1.00), Example_CameraShake_Rubble == CutsceneDoor_C (1.00), Example_InteriorPortalDoor == CutsceneDoor (0.75). Every filename is literally prefixed 'Example_' or lives in a folder named 'CutsceneExamples'. Not in any scene. CutsceneExamples/InteriorManager.prefab (1364 bytes) is a bare InteriorManager component duplicating the one already placed directly in persistentScene.unity and Ferdinand_Test_world.unity. Only cascade: Resources/Interiors/Destination_ExitRuin.asset and Effect_* assets lose referencers (see separate row).	Loses worked examples of how to wire CutsceneDirector / InteriorPortal. Mitigate by keeping ONE set (Cutscenes/) if the team still uses them as documentation; the CutsceneExamples/ copy is strictly redundant.
Assets/Game/Audio/ (Master.bank, Master.strings.bank, Music.bank, SFX.bank, UI.bank) — OR the StreamingAssets copies, see risk	duplicate	high	2.69 MB duplicated (5.38 MB total in repo)	All five files are byte-identical to Assets/StreamingAssets/<same name> (md5: a48f5f091508, 94a4df3ffdf9, 28d9da5f64c1, d7e064b0f93a, be570a0b4336 — identical in both folders). BOTH copies are tracked by git (git ls-files confirms 10 .bank + 10 .meta tracked; .gitignore does not cover StreamingAssets). Root cause verified in Assets/Plugins/FMOD/Resources/FMODStudioSettings.asset: sourceBankPath: Assets/Game/Audio with ImportType: 0 (StreamingAssets) — FMOD copies the source banks from Assets/Game/Audio into Assets/StreamingAssets, so having the source inside Assets/ guarantees a permanent 1:1 duplicate that is both imported by Unity and committed twice.	DO NOT just delete Assets/Game/Audio — it is FMOD's source-of-truth and Assets/Game/Audio/GUIDs.txt is read by FMOD's editor tooling. Correct fix: move the source bank folder OUT of Assets/ (e.g. <repo>/Audio/FMODBanks/) and repoint FMODStudioSettings.sourceBankPath, then delete Assets/Game/Audio. If the source stays where it is, instead add /Assets/StreamingAssets/*.bank to .gitignore (they are regenerated). Getting this backwards breaks all audio at runtime.
Assets/Game/Art/Models/Environment/Ruins/SpaceRuin.fbx + Assets/Game/Art/Textures/Ruins/SpaceRuin_{Metallic,Normal,Roughness}.png	unused-asset	medium	13.09 MB (4 files) — the biggest byte win in Art/	All four at refcount 0 in refs.tsv/orphans.tsv. The only survivor of the set is SpaceRuin_Albedo.png (1 ref) via Art/Materials/Environment/Ruin1.mat, which is itself referenced only by Art/Models/.../RuinInterior/alien_ruin_entrance_prototype.fbx.meta — i.e. the material exists but the mesh it was authored for is not in any scene or prefab. Largest single orphan cluster in the Art tree.	If the ruin is planned content, this is 13 MB of authored art thrown away. Ask before deleting. The .fbx alone is 6.75 MB.
Assets/Game/Art/Models/Vehicles/Legacy/{walker,walker_arms,walker_leg,walker_legs,walker_rig,walker_station,walker_station_BACKUP,ship_model}.blend	superseded	medium	2.62 MB, 8 files	All 8 at refcount 0 (refs.tsv). Superseded by the Unity-invisible Blender library: Assets/Game/Art/Models/_Source~/components/mechanical/walker_leg.blend exists there, and _Source~/models/vehicles/ship_rv.blend is the current ship source. walker_station_BACKUP.blend is a literal backup filename. CRITICAL exception: 'ship_model 1.blend' in the SAME folder has refcount 1 and is the live model for Agents/Vehicles/Spacecraft/ShipRV.prefab — do not glob-delete the folder. Extra cost beyond bytes: Unity imports .blend by invoking Blender, so 8 dead .blend files are 8 unnecessary Blender launches on every fresh import.	Memory note 'shipped .blend files may carry hand edits the generator destroys' applies — if any of these carry hand edits not present in _Source~, they are unrecoverable. Diff object scales/dimensions against _Source~ before deleting.
Assets/Game/Art/Models/Vehicles/RV/{ship_model.blend, ship_model.fbx, ship_rv.fbx} and Assets/Game/Art/Models/Environment/Structures/Outpost/robot_rig/{walker_station.fbx, walker_station.blend1, walker_add_coxa.py}	duplicate	medium	1.73 MB + 4.95 MB = 6.68 MB, 6 files	All at refcount 0. There are THREE copies of the RV ship source in the tree (Vehicles/Legacy/ship_model.blend, Vehicles/RV/ship_model.blend, Vehicles/RV/ship_model.fbx) plus a 1.45 MB ship_rv.fbx export — and ShipRV.prefab references NONE of them; it references 'Vehicles/Legacy/ship_model 1.blend'. So the newer export pipeline (_Source~/models/vehicles/ship_rv.blend -> ship_rv.fbx) was built but the prefab was never repointed. robot_rig/walker_station.fbx (3.67 MB) is a third copy of the walker station whose live source is _Source~; walker_add_coxa.py is a Blender build script sitting inside the Unity-visible Assets tree (belongs in _Source~).	If someone intends to switch ShipRV to the new ship_rv.fbx, deleting it loses the export. Verify the intended pipeline with the author first. Deleting walker_add_coxa.py loses a generator script with no _Source~ counterpart — move it, don't delete it.
Assets/Game/Prefabs/VisualEffects/Lighting/Sun.prefab, Assets/Game/Prefabs/VisualEffects/Lighting/Global Volume.prefab, Assets/Game/Prefabs/Environment/Wind.prefab, Assets/Game/Prefabs/VisualEffects/Debug/Cube.prefab, Assets/Game/Prefabs/VisualEffects/Lines/line (1) 1.prefab, Assets/Game/Prefabs/Agents/Vehicles/Spacecraft/Ship.prefab, Assets/Game/Prefabs/Agents/Vehicles/Mounts/MountableAnt.prefab, Assets/Game/Prefabs/Agents/Creatures/MountableAnt.prefab	duplicate	high	8 prefabs + 1 cascade, ~0.08 MB	Restructure leftovers: each is an unreferenced twin of a live prefab. Verified pairs at guid-Jaccard 1.00 with a10_dupe.py plus refs.tsv refcounts — Environment/Sky/Sun.prefab (4 refs) == VisualEffects/Lighting/Sun.prefab (0); Environment/Sky/Global Volume.prefab (5) == VisualEffects/Lighting/Global Volume.prefab (0); Environment/Sky/Wind.prefab (3) == Environment/Wind.prefab (0); Items/Debug/Cube.prefab (6) vs VisualEffects/Debug/Cube.prefab (0); VisualEffects/Lines/line (1).prefab (2, used by GrapplingHook+Lasso) vs 'line (1) 1.prefab' (0). Agents/Vehicles/Spacecraft/Ship.prefab (0) is guid-identical (1.00) to Legacy/Vehicles/Ship.prefab (0) while the LIVE ship is Prefabs/Vehicles/Ship.prefab (7 refs incl. persistentScene, Blocking test, DefaultNetworkPrefabs). Both MountableAnt.prefab copies are at 0 refs. Cascade: deleting 'line (1) 1.prefab' also frees Items/Artifacts/ArtifactResources/Line.prefab, whose ONLY referencer it is.	Very low — each has a verified live twin still wired into the scenes. Only risk is deleting the wrong half; the refcounts above disambiguate.
Assets/Game/Prefabs/Environment/Nature/Plants/{Aloe..prefab, Barrel.001.prefab, Barrel.002.prefab, CaveAlgae.prefab}	unused-asset	high	4 prefabs, ~0.014 MB	All refcount 0. a10_dupe.py shows Aloe./Barrel.001/Barrel.002 are guid-identical (1.00) to the live Beavertail/Candelabre-thorns prefabs — all are variant slices of TempDemo/DemoScene.fbx. Two of them are BARRELS sitting in a folder called Plants (also a wrong-folder finding). 'Aloe..prefab' has a stray double dot in the filename. CaveAlgae.prefab is orphan and its material Art/Materials/Environment/CaveAlgaeGlow.mat is also orphan (the live one is AlgaeGlow.mat, 1 ref).	None found. If Beavertail/Candelabre-thorns go with MasterScene, this whole Plants folder becomes empty.
Assets/Game/Prefabs/Items/Equipment/FieldBackpack.prefab and Assets/Game/Art/Models/Props/field_backpack.fbx	superseded	high	2 files, ~0.06 MB	FieldBackpack.prefab refcount 0; the live pack is Items/Equipment/ExpeditionBackpack.prefab (1 ref, from PlayerCharacter.prefab). a10_dupe.py: guid-Jaccard 0.78 between the two. grep of all .cs for 'FieldBackpack' returns 0 hits. Matches the recorded design history that the backpack became a flap-top expedition pack. field_backpack.fbx has exactly 1 referencer — FieldBackpack.prefab — so it dies with it (expedition_backpack.fbx is the live model).	Cascade to watch: FieldBackpack.prefab is one of the 2 referencers of every ScriptableObjects/Items/*.asset; after deleting it those 6 assets are referenced only by ExpeditionBackpack.prefab (still live), so they survive.
Assets/Game/ScriptableObjects/Items/{AntiGravityFlask,GrapplingHook,Lasso,Leash,RocketArtifact,RuinScanner}.asset	duplicate	medium	6 assets	Six InventoryItem assets (m_Script -> Scripts/Items/Core/InventoryItem.cs) that duplicate Assets/Game/Resources/Items/Artifacts/*.asset — verified by matching itemPrefab fileID+guid pairs exactly: AntiGravityFlask<->AntiGravityPotion (fileID 7402587260625591437, guid 663a29fa…), GrapplingHook<->GrapplingHook (5175360877773462781 / 40fe281b…), Lasso<->Lasso (6774419219061973401 / bcffc184…), Leash<->Leash (4068742862036462037 / b3cbd114…), RocketArtifact<->RocketTurret (4378794949726358131 / 71e26f7a…), RuinScanner<->RuinScanner (9108599743836721641 / 196dc304…). Only the Resources/ copies enter the item registry: Scripts/Core/Registry/RegistryLoader.cs:19 does Resources.LoadAll<InventoryItem>("Items"), which cannot see ScriptableObjects/. The ScriptableObjects/ copies are referenced only by the two backpack prefabs.	HIGH RISK to delete blindly: ExpeditionBackpack.prefab (live) serializes direct references to these six. Deleting them empties the pack's authored default contents. Correct sequence is to repoint ExpeditionBackpack at the Resources/Items/Artifacts equivalents FIRST, then delete. Cascade: ScriptableObjects/Items/Leash.asset is the sole referencer of Art/Sprites/Items/Leash.png.
Assets/Game/ScriptableObjects/Weapons/BallLightningWeapon.asset	duplicate	high	639 bytes	refcount 0. Its m_Script resolves to Scripts/Items/Core/InventoryItem.cs — it is an InventoryItem, not a weapon config, and it sits in ScriptableObjects/Weapons/ where the other three files are real weapon configs (AIM_GruntPoor, FIRE_PistolBurst, WPN_RobotPistol, all 5-6 refs). Because it is not under a Resources/ folder, RegistryLoader's Resources.LoadAll<InventoryItem>("Items") can never see it, so it is unreachable even by string. The live definition is Resources/Items/Artifacts/BallLightningWeapon.asset (2 refs, itemName 'Ball Lightning Weapon').	Cascade: it is the SOLE referencer of Art/Sprites/Items/BallLightningWeapon.png, which becomes orphan too (the live Resources copy uses a different icon guid 5973b3a6…).
Assets/Game/ScriptableObjects/Networking/DefaultNetworkPrefabs Unused.asset and Assets/DefaultNetworkPrefabs.asset	dead-code	high	2 assets, ~10.6 KB	Three NetworkPrefabsList assets exist; only ScriptableObjects/Networking/DefaultNetworkPrefabs.asset is live (1 ref, from Prefabs/Systems/NetworkManager.prefab). 'DefaultNetworkPrefabs Unused.asset' is refcount 0 and is literally named Unused (its internal m_Name is still 'DefaultNetworkPrefabs'). Assets/DefaultNetworkPrefabs.asset sits loose at the Assets/ root (orphans.tsv row 1, refcount 0) — a stale Netcode auto-generated list from before the restructure.	None — a stale prefab list cannot be 'partly' used; NetworkManager.prefab points at exactly one. Flagging the root-level file for the networking auditor as well since it sits outside Assets/Game.
Assets/Game/ScriptableObjects/Settlements/SettlementConfig.asset	superseded	high	2.5 KB	refcount 0; grep of all .cs for 'SettlementConfig' returns 0 hits. Same type (RobotSettlementRecipe) as the live FerdinandDesertSettlement.asset, which has 3 refs (Chunk_18_10.unity, Chunk_7_5.unity, FerdinandChunk_3_1.unity). Generic default name vs. the named recipe actually used.	Loses the default recipe template if someone wants to author a second settlement from scratch. Low.
Assets/Game/ScriptableObjects/CaveProfiles/{AlienBioluminescent,CrystalCavern,LavaTube,SandstoneCave,WetGrotto}.asset	experiment	low	5 assets, ~26 KB + a 4-fbx cascade	5 of 6 CaveProfiles at refcount 0; only RuinCave.asset is used (1 ref, from Scenes/Interiors/AlgeaCave.unity). CaveProfile is a plain [CreateAssetMenu] SO consumed via [SerializeField] private CaveProfile profile on CaveSpawner — there is no Resources.Load or LoadAll for it anywhere (verified against the full Resources.Load grep: only Interiors, Items, Saveable, MapTiles, MapMeshes, Cameras paths appear). Note Scenes/Interiors/SandstoneCaveInterior.unity does NOT reference SandstoneCave.asset, so even the name-matched one is unwired. Cascade: Art/Models/Environment/Caves/Boulders/Boulder_01..04.fbx have refcount 3 sourced ENTIRELY from CrystalCavern/LavaTube/WetGrotto — deleting the profiles orphans that 4-file boulder set too.	These are authored art-direction presets — the cheapest content in the repo to keep and the most annoying to re-author. Recommend KEEPING unless the cave feature is being cut. Listed for completeness, not urged.
Assets/Game/Settings/Mobile_RPAsset.asset + Assets/Game/Settings/Mobile_Renderer.asset	dead-code	high	2 assets, ~5.5 KB	Mobile_RPAsset.asset refcount 0; grep of all .cs for 'Mobile_RPAsset' returns 0 hits. It is not in ProjectSettings/QualitySettings.asset nor GraphicsSettings.asset — those reference only PC_RPAsset.asset (2 refs: GraphicsSettings + QualitySettings). Mobile_Renderer.asset's single referencer is Mobile_RPAsset.asset itself, so the pair is a closed dead island: an unused URP mobile quality tier in a PC-only project.	Blocks a future mobile/low-spec quality tier; regenerating a URP asset pair is a 30-second operation. Negligible.
Assets/Game/Scenes/Tests/CaveTest.unity, Assets/Game/Scenes/Tests/Markus Music Test Scene.unity, Assets/Game/Scenes/Utility/SpriteRenderScene.unity, Assets/Game/Scenes/References/{Blocking scene.asset, Ferdinand_Test_world.asset}	experiment	high	3 scenes (0.40 MB) + 2 SceneReference assets (1.1 KB)	Per-scene assessment against EditorBuildSettings (263 entries; the 15 non-chunk ones enumerated). NOT in the build and refcount 0: CaveTest.unity (content dump: 0 GameObjects — a completely empty 3.5 KB default scene), Markus Music Test Scene.unity (4 GameObjects: 2 pb_Mesh ProBuilder blocks + a light; SOLE referencer of Scripts/Presentation/Audio/AudioTestThingy.cs), SpriteRenderScene.unity (2 GameObjects: Main Camera + Directional Light, i.e. an untouched default scene; grep of all .cs for 'SpriteRenderScene' = 0 hits), DuneFoilTest.unity (not in build, but IS one of 3 referencers of the live DuneFoil.prefab and the only non-world referencer of Environment/Sky/Wind — keep as a rig test). Scenes/References/'Blocking scene.asset' and 'Ferdinand_Test_world.asset' are SceneReference SOs at refcount 0 that exist only to point at test scenes (the other four SceneReferences are live and drive MainMenu/LobbyMenu/GameManager).	Markus Music Test Scene is the only place the FMOD music setup was demonstrated; deleting it also makes AudioTestThingy.cs dead (hand to the scripts auditor). CaveTest and SpriteRenderScene are risk-free — one is empty, the other is a stock scene.
Assets/Game/Scenes/Tests/{Aleksander test scene, Tommy test scene, Emil test scene, Marius test scene}.unity, Blocking test.unity, Ferdinand_Test_world.unity — SHIP-BLOCKING, remove from EditorBuildSettings (deletion optional)	experiment	high	6 EBS entries; scenes total 1.02 MB but their build cost is the whole transitive asset closure	All SIX are enabled: 1 in ProjectSettings/EditorBuildSettings.asset, i.e. four per-developer scratch scenes plus two test worlds are compiled into every player build. Verified from the 15 non-chunk EBS entries. Exclusive content per a10_soleref.py: 'Marius test scene' is the sole referencer of Art/Models/Environment/Structures/Doors/99_Enviroment_Doors.fbx, Prefabs/Systems/InputManager.prefab and Scripts/.../DoorInteraction.cs; 'Aleksander test scene' is the sole referencer of Prefabs/Environment/Structures/Facilities/LaunchArea.prefab, Prefabs/Vehicles/RoverNoHierarchy.prefab and its own NavMesh-DemoScene.asset; 'Blocking test' is the sole referencer of Terrain/TerrainData/BlockingScene Terrain/Blocking test terrain.asset. Tommy test scene (17 KB) and Emil test scene (31 KB) have NO exclusive content at all — they reference only NetworkGameManager / NetworkManager / Items-Debug prefabs that other scenes also use, so they are pure scratch. Ferdinand_Test_world.unity duplicates persistentScene's entire prefab set (Ostrich, DesertCrawler, DuneFoil, RigWalker, ShipRV, MapHologramTerrain, WorldStreamer, MapService, SaveManager…) and is the sole referencer of Settings/FerdinandWorldStreamingConfig.asset.	Tommy + Emil test scenes: delete outright, no exclusive content, high confidence. Aleksander/Marius/Blocking test: de-list from the build but keep on disk, or first rescue LaunchArea.prefab / RoverNoHierarchy.prefab / 99_Enviroment_Doors.fbx / DoorInteraction.cs into a scene you keep — otherwise they silently become dead. Ferdinand_Test_world is a deliberate second world (4x2 chunks) — de-list from the build; deleting it kills FerdinandWorldStreamingConfig, Terrain/FerdinandChunkData (8 assets) and Scenes/Tests/FerdinandWorld/Chunks (17 tracked files), so that is a product decision, not cleanup.
Assets/Game/Art/Models/Environment/Nature/Boulders/ — 7 .obj + 8 .mtl + 4 .fbx (Boulder_01_Round.fbx/.obj, Boulder_03_Flat.fbx/.obj, Rock_06_Small.fbx, Rock_07_Pebble.fbx/.obj, Boulder_02_Jagged.obj, Boulder_04_Tall.obj, Boulder_05_Chunky.obj, Boulder_08_Massive.obj, all 8 .mtl)	generated	medium	19 files, 0.06 MB (byte-trivial; the value is folder legibility — 24 files down to 5)	Classic intermediate-import-artifact cluster: the same 8 boulders exist as .fbx AND .obj AND .mtl side by side (24 files in one folder). refs.tsv shows exactly 5 live: Boulder_02_Jagged.fbx, Boulder_04_Tall.fbx, Boulder_05_Chunky.fbx, Boulder_08_Massive.fbx and Rock_06_Small.obj — all referenced only by ScriptableObjects/CaveProfiles/RuinCave.asset. Every .mtl is at refcount 0 (Unity consumes .mtl at import time only; nothing in the asset database points at one). The mismatched pair (Rock_06_Small: .obj live, .fbx dead) proves the two export formats were never reconciled.	Deleting a .mtl forces the matching .obj to reimport with default materials. Since only Rock_06_Small.obj is live, delete its .mtl last / keep that one pair intact. Very low.
Assets/Game/Art/Brushes/NewBrush.brush, Assets/Game/Art/Materials/Terrain/{NewLayer.terrainlayer, NewLayer 1.terrainlayer, NewLayer 2.terrainlayer}, Assets/Game/Art/Materials/Terrain/{New Terrain Material.mat, CaveTriplanar.mat, SandstoneTriplanarGoldenDune.mat, SandstoneTriplanarRedDesert.mat, SandstoneTriplanarSaltFlat.mat}, Assets/Game/Art/Materials/Untitled/New Material.mat, Assets/Game/Art/Materials/Environment/{CaveAlgaeGlow.mat, CaveTriplanarAlgaeGlow.mat}, Assets/Game/Art/Materials/RuinScanner/RuinSecretReveal.mat, Assets/Game/Art/Materials/Weapons/Custom_LightningPlasma 1.mat	unused-asset	medium	14 files, ~0.03 MB	All 14 at refcount 0 in refs.tsv and present in orphans.tsv. NewBrush.brush is an accidental terrain brush built from Assets/Plugins/FMOD/images/Border.png (it is that PNG's only referencer) — pure editor misclick, 0 code hits for 'NewBrush'. The three NewLayer*.terrainlayer plus 'New Terrain Material.mat' are default-named leftovers from the abandoned MasterScene terrain workflow. 'Custom_LightningPlasma 1.mat' is a Unity duplicate-suffix copy of the live Custom_LightningPlasma.mat (1 ref, CixinGunFinal.prefab). CaveAlgaeGlow.mat is the dead twin of the live AlgaeGlow.mat (1 ref). The three SandstoneTriplanar{GoldenDune,RedDesert,SaltFlat} variants are dead while SandstoneTriplanarLight.mat is live (4 chunk-scene refs) — an unused colourway set.	The three SandstoneTriplanar colourways may be intended terrain variety for future chunks — cheap to keep. Everything else is default-named editor debris with no plausible use.
Assets/Game/Prefabs/Characters/Player/Player.prefab, Assets/Game/Prefabs/Camera/3rd person.prefab, Assets/Game/Prefabs/UI/HUD/Interact.prefab, Assets/Game/Scenes/World/robotsettlement.prefab, Assets/Game/Prefabs/Vehicles/Rover.prefab, Assets/Game/Prefabs/Agents/Robots/DeathmatchBot.prefab	dead-code	medium	6 prefabs, ~0.31 MB	All refcount 0. Player.prefab (307 lines) is the known dead stub — confirmed independently: the live player is PlayerCharacter.prefab (7 refs incl. persistentScene, SpawnManager, PlayerCharacterNetworked). '3rd person.prefab' (149 lines, single GameObject) is superseded by Resources/Cameras/Mount Third Person Camera.prefab which MountModule.Camera.cs:129 loads by string. UI/HUD/Interact.prefab is superseded by the InteractionPromptUI component already on the live PlayerHUD.prefab. Scenes/World/robotsettlement.prefab is a 34-line near-empty prefab sitting inside the SCENES folder (wrong folder AND dead). Vehicles/Rover.prefab is guid-Jaccard 0.91 to RoverNoHierarchy.prefab (1 ref, Aleksander test scene) and shares all 22 Rover .fbx parts with it. DeathmatchBot.prefab (97 KB, guid-Jaccard 0.97 to the live PatrolRobot.prefab) is orphan because MatchManager is not placed in any scene at all — see the bug list; do NOT delete it, fix the wiring.	DeathmatchBot.prefab must NOT be deleted — it is the intended minigame bot and its orphan status is a symptom of the unwired MatchManager (verified bug below). Deleting Vehicles/Rover.prefab while keeping RoverNoHierarchy means the bogie-IK hierarchy version is gone; check which the Rover work is meant to continue from. The other four are safe.
Assets/Game/Resources/Interiors/Destination_ExitRuin.asset	dead-code	medium	470 bytes	refcount 0 AND not reachable by string: the only Resources.Load touching that folder is Scripts/Core/SceneManagement/Interiors/InteriorTestBootstrap.cs:32, Resources.Load<InteriorScene>("Interiors/Interior_Test") — a single explicit path, not a LoadAll, and no Interior_Test asset exists anywhere (find returned nothing). Its four siblings are live: Destination_EnterRuin (4 refs), Effect_FadeToBlack_Ruin (4), Effect_WalkThroughCutscene (2), Interior_AlgeaCave (1), Interior_SandstoneCave (1). Body is just 'timeoutSeconds: 15' on an ExitInteriorDestination.	If the exit-portal flow is being built, this is the config it would use — but nothing references it today and re-creating it is one right-click. Note its live siblings are referenced only by the Cutscenes/CutsceneExamples prefabs proposed for removal above, so removing those drops EnterRuin/Effect_* to 0 refs as well; re-check before deleting that cluster.
Assets/Game/Art/Models/Environment/Structures/RuinInterior/{alien_maze.fbx, alien_ruin_entrance_prototype.fbx}, Assets/Game/Art/Models/Environment/Structures/Ruins/ruin_simple.fbx, Assets/Game/Art/Models/Weapons/CixinGun/{cixinGun.fbx, cixinGunNrecalc.fbx}, Assets/Game/Art/Models/Vehicles/Rover/wheel2.fbx, Assets/Game/Art/Sprites/Items/GrapplingHookGun.png, Assets/Game/Art/Textures/Effects/FlashlightCookie.png	experiment	medium	8 files, ~3.95 MB	All at refcount 0. Iteration leftovers where a later version won: cixinGunFinal.fbx is live (2 refs) while cixinGun.fbx and cixinGunNrecalc.fbx ('Nrecalc' = normals-recalculated experiment) are dead; wheel2.fbx is dead while wheel3/4/5/6.fbx are all live (2 refs each — the Rover uses 4 wheels numbered 3-6, so wheel2 is a discarded iteration); 'alien_ruin_entrance_prototype.fbx' is explicitly named prototype and the live entrance is RuinInterior/ruin_entrance2.blend (2 refs, in persistentScene + FerdinandChunk_3_1). GrapplingHookGun.png is unused while GrapplingHook.png is the live icon (3 refs). FlashlightCookie.png is unused — Scripts/Characters/Player/Equipment/Flashlight.cs drives the beam via Shader.PropertyToID globals and a generated mesh, never a light cookie.	alien_maze.fbx (2.2 MB) may be planned ruin-interior content rather than a discarded prototype — ask. The rest are clearly superseded iterations of assets whose successor is live.
Assets/Game/Art/Models/Creatures/Robotic/Ostrich/ostrich_rigged.blend1 and Assets/Game/Art/Models/Environment/Structures/Outpost/robot_rig/walker_station.blend1 (plus all 11 .blend1 in the tree)	backup	high	17.51 MB across 11 files (local disk only, not in git)	Blender auto-save backups. Already correctly gitignored (git check-ignore -v confirms '.gitignore:20:*.blend1'; git ls-files -- '*.blend1' returns empty, so untracked) — but they are present on disk WITH .meta files, which means Unity is importing them, i.e. launching Blender for 17.5 MB of backup files on every fresh import. Purely local clutter.	Zero to the repo. On one developer's machine a .blend1 could be the only surviving copy of a hand edit — note the recorded warning that ostrich.blend is hand-modelled with no git backup, so ostrich_rigged.blend1 (8.9 MB) is the safety net for exactly that file. Recommend: leave ostrich_rigged.blend1 alone, delete the rest.
DO NOT REMOVE — verified live despite showing 0 GUID refs (recorded so no one else deletes them)	unused-asset	high	n/a — exclusion list	Categorising the reported orphan counts: (a) 276 of the ~286 orphan PNGs / 65 orphan .asset in this tree are Resources.Load-by-STRING and are LIVE — 240 Assets/Game/Resources/MapTiles/Tile_x_y.png via MapUI.cs:560 Resources.Load<Sprite>($"MapTiles/Tile_{x}_{y}") and 36 Assets/Game/Resources/MapMeshes/MapMesh_x_y.asset via MapHologramTerrain.cs:789. (b) All 7 orphan .shader in Art/Shaders/UI are LIVE via Shader.Find — declared names verified inside each file: HelmetHUDDangerVignette->'UI/HelmetHUDDangerVignette', HelmetHUDHologramSolid->'UI/HelmetHUDHologramSolid', HelmetHUDHolographicUI->'UI/HelmetHUDHolographic', HologramBeam->'Hologram/Beam', HologramSolid->'Hologram/Solid', HologramTerrain->'Hologram/Terrain', MapHolographic->'UI/MapHolographic', each matched to a Shader.Find call site. (c) The 3 orphan .hlsl (Caves/CaveBump.hlsl, Effects/Flashlight.hlsl, Vehicles/SailCloth.hlsl) are #include'd by shaders, which is not a GUID reference. (d) Assets/Game/Resources/Items/Artifacts/{Lasso,Leash}.asset are LIVE via RegistryLoader.cs:19 Resources.LoadAll<InventoryItem>("Items"). (e) Assets/Game/Art/Models/Environment/Structures/TempDemo/DemoScene.fbx has 35 refs despite the 'TempDemo' name — it is the source mesh for every rock/plant prefab. (f) Assets/Game/Settings/Input/InputControls.cs is the documented false positive. (g) The 5 Assets/StreamingAssets/*.bank are loaded by FMOD at runtime by filename.	Deleting any of these breaks the map hologram, the helmet HUD, the item registry, or all environment rock/plant prefabs.
Assets/Game/Scripts/Core/SceneManagement/Interiors/InteriorTestBootstrap.cs	experiment	high	87 loc	refs.tsv: 0 GUID refs. Custom scan of every .cs/.unity/.prefab/.asset/.meta under Assets/ + ProjectSettings/ for the guid 13bc4f24f27c84b058d307b25bdd690b returns 0 hits, and for the type name 'InteriorTestBootstrap' returns 0 hits outside the file itself. Self-documented 'TEST-ONLY' in its own XML doc. Its RuntimeInitializeOnLoadMethod AutoInstall() is gated on `private const bool autoInstallEnabled = false;` (line 17) so even the self-install path is a compile-time no-op; the comment above it says 'Off by default now that real entrances exist.'	None found. If someone wants placeholder-cube interior testing back they lose that harness, but real entrances exist (SandstoneCaveDoor.prefab carries InteriorEntrance).
Assets/Game/Scripts/Presentation/UI/LobbyMenu/Flow/StartingGameManager.cs	experiment	high	44 loc	refs.tsv: 0 GUID refs; guid 5d5ee3a2915d5ed43802c9e266019fae has 0 hits across Assets/ + ProjectSettings/; type name 'StartingGameManager' has 0 hits outside the file. Content is one static method that hardcodes `networkManager.SceneManager.LoadScene("Tommy test scene", ...)` (line 35) — a personal test scene — and a leftover `Debug.Log(networkManager.SceneManager)` on line 34. It imports `UnityEngine.Networking` (the removed legacy UNet namespace) and never uses it. It derives from NetworkBehaviour to hold a static, which is exactly the mistake NetworkBootstrap.RemoveOrphanSceneNetworkObjects was written to clean up. Superseded by SessionLauncher (Core/Multiplayer) + LobbySystem, which is what LobbyMenu actually calls.	None found.
Assets/Game/Scripts/Presentation/UI/LobbyMenu/Core/Entity.cs	dead-code	high	28 loc	refs.tsv: 0 GUID refs; guid f1fce6cae5186384986e8309a2b0cd20: 0 hits across Assets/ + ProjectSettings/. The only file containing the word 'Entity' as a standalone identifier is Assets/Game/Scripts/Agents/Profiles/EntitySystemSetup.cs, which is in SpaceGame.Agents and does not reference SpaceGame.Presentation.Entity. Body is the untouched Unity script template: empty Start(), an Update() that calls an empty die(), a single unused [SerializeField] int health, plus an unused `using UnityEngine.Rendering;`.	None found.
Assets/Game/Scripts/Gameplay/Interaction/Interactions/LeverInteraction.cs	dead-code	high	69 loc	refs.tsv: 0 GUID refs; guid f22b915479bd046798f1dadf645a5db4: 0 hits across Assets/ + ProjectSettings/ (including .unity and .prefab); type name 'LeverInteraction': 0 hits outside the file. Its whole purpose is a serialized UnityEvent designers wire up, so a zero GUID count is conclusive — nothing has ever been wired to it.	Loses a generic 'click lever -> fire UnityEvent' component. Cheap to re-add if wanted.
Assets/Game/Scripts/Characters/Player/Combat/LightningSpawner.cs	superseded	high	66 loc	refs.tsv: 0 GUID refs; guid c42ad433473fc7d4d98a7b847c3c3cdf: 0 hits; type name 'LightningSpawner': 0 hits outside the file. It raycasts from a camera and instantiates a VFX prefab above the hit — the same job as Assets/Game/Scripts/Items/Artifacts/Gadgets/LightningSpell.cs, which does it through AimProvider.GetRayCast and IS referenced. It also carries its own InputActionReference wiring rather than going through PlayerInputManager, which is the project's stated single source of truth for input.	None found.
Assets/Game/Scripts/Core/Input/InputManager.cs	duplicate	high	28 loc + InputManager.prefab (1375 B)	Its only GUID reference is Assets/Game/Prefabs/Systems/InputManager.prefab (refs.tsv), and that prefab's only reference in turn is Assets/Game/Scenes/Tests/Marius test scene.unity (refs.tsv, refcount 1). It declares `public event Action OnUsePressed` — the identical event name PlayerInputManager.cs:45 declares. A repo-wide grep for OnUsePressed shows all four subscribers (Interactor.cs:58, EquipmentController.cs:84, PlayerController.cs:81/98) reach it through `PlayerController.Input`, which is `GetComponent<PlayerInputManager>()` (PlayerController.cs:32). Nothing subscribes to InputManager's copy. It also resolves its action by the string "Attack" from the project-wide InputSystem.actions rather than the generated InputControls the rest of the game uses.	Deleting the .cs leaves a missing-script warning on the object in 'Marius test scene', which is enabled at build index 8. Delete the prefab and the scene object together, or delete the test scene.
Assets/Game/Scripts/Core/SceneManagement/Core/Bootstrapper.cs	superseded	medium	53 loc	refs.tsv: 0 GUID refs. guid 88c7e135f88145841b2812983ffc1e57: 0 hits across Assets/ + ProjectSettings/. The one textual hit for 'Bootstrapper' is `m_Name: Bootstrapper` on line 134 of Assets/Game/Scenes/Core/Bootstrap.unity — a GameObject NAME; the two m_Script entries in that scene resolve (via assets.tsv) to RegistryLoader.cs (fc0f5fb…) and GameServiceLoader.cs (d5af489…), not this file. It is a static class whose RuntimeInitializeOnLoadMethod pair force-loads build index 0 and then reloads the entry scene, i.e. a third startup path alongside NetworkBootstrap.cs and SingleplayerInitializer. NetworkBootstrap.cs lines 9-15 document the OBSERVED behaviour that pressing Play in LobbyMenu 'skips Bootstrap entirely, leaving NetworkManager.Singleton null' — which cannot be true if this redirector works. Its hardcoded indices are also wrong (see the bug entry).	If the redirect IS taking effect in builds, removing it changes which scene a build starts in. Because index 1 is a deleted scene file, removing it is more likely to fix startup than break it. Verify by pressing Play in persistentScene and watching whether Bootstrap loads first.
Assets/Game/Settings/Mobile_RPAsset.asset	unused-asset	high	4650 B	assets.tsv refcount 0. Full-tree grep for guid 5e6cbd92db86f4b18aec3ed561671858 across Assets/ + ProjectSettings/ + Packages/ returns 0 hits. ProjectSettings/QualitySettings.asset has exactly one `customRenderPipeline` line and it points at 4b83569d67af61e458304325a23e5dfd = PC_RPAsset.asset; ProjectSettings/GraphicsSettings.asset references PC_RPAsset + UniversalRenderPipelineGlobalSettings. Unity URP template leftover.	None unless a mobile build target is planned; nothing is configured for one.
Assets/Game/Settings/Mobile_Renderer.asset	unused-asset	high	1713 B	Grep for guid 65bc7dbf4170f435aa868c779acfb082 across Assets/ + ProjectSettings/ returns exactly one file: Assets/Game/Settings/Mobile_RPAsset.asset (itself an orphan, above). So this is only reachable from an unreachable asset. Delete as a pair.	Same as Mobile_RPAsset.
Assets/Game/Scripts/Gameplay/Interaction/Interactions/DialogInteraction.cs	dead-code	medium	589 loc	13 GUID refs (refs.tsv), and every single one is under Assets/Game/Prefabs/Legacy/: NPC.prefab, NPC_Mechanic, NPC_Prospector, NPC_Settler, NPC_SkittishScavenger, Robots/Cath, Robots/Ernst, Robots/Phil, Robots/Roberto, Templates/Template. refs.tsv shows every one of those prefabs at refcount 0 — no scene, no prefab, no ScriptableObject references any of them. So the whole subtree is unreachable from any shipping root. The file itself opens with '//do not try to read this code. it is just a bunch of features related to dialoge interactions.' A grep of `dialogMode:` in all consumer prefabs returns only values 0 and 1, so DialogMode.RandomFromPredefinedPool and DialogMode.BranchingSequence (~230 of the 589 lines: BranchDialogStep, HandleBranchingInteraction, ShowBranchQuestion, ResolveNextIndex, the Update() Y/N key polling) are dead even for the prefabs that do exist.	CONDITIONAL on Assets/Game/Prefabs/Legacy/ going. If the Legacy NPC prefabs are meant to be revived, this is their dialogue system. Coordinate with whoever audits Prefabs/. Also drags in Presentation/UI NpcDialogPopupUI (out of my scope) — check that has no other consumer before removing it.
Assets/Game/Scripts/Gameplay/Interaction/Interactions/DialogPool.cs	dead-code	medium	131 loc	0 GUID refs — guid 22ed6f08311e04746927b20e6a1a1fea has 0 hits across Assets/, meaning NO DialogPool asset instance exists anywhere despite it being a [CreateAssetMenu] ScriptableObject. Its only code reference is DialogInteraction.cs:500/512 (the `globalDialogPool` field and the `DialogPool.GetDefaultLines()` fallback). 100 of its 131 lines are a hardcoded string[] of NPC barks.	Same condition as DialogInteraction — remove together or not at all. The 100 authored barks are content; consider extracting them to a text asset before deleting if anyone wants them.
Assets/Game/Scripts/Core/SceneManagement/Transitions/Destinations/SameSceneAnchorDestination.cs	dead-code	medium	37 loc	refs.tsv: 0 GUID refs; guid f590628c6084c493a91f193bd365e300: 0 hits across Assets/ + ProjectSettings/; type name: 0 hits outside the file. It is a [CreateAssetMenu] SceneDestination with zero instantiated assets — `ls Assets/Game/Resources/Interiors/` contains only Destination_EnterRuin, Destination_ExitRuin, Effect_FadeToBlack_Ruin, Effect_WalkThroughCutscene, Interior_AlgeaCave, Interior_SandstoneCave. Its sibling destinations all have exactly one asset each.	It is a documented designer extension point ('portal between two rooms in the same level'). Deleting removes a capability nobody has used yet.
Assets/Game/Scripts/Core/SceneManagement/Transitions/Destinations/ExitInteriorDestination.cs	dead-code	medium	47 loc + Destination_ExitRuin.asset	Its only GUID reference (refs.tsv) is Assets/Game/Resources/Interiors/Destination_ExitRuin.asset, and refs.tsv lists that asset at refcount 0 — nothing references it. Compare its sibling Destination_EnterRuin.asset, which has 4 referrers (Example_InteriorPortalDoor.prefab, CutsceneDoor.prefab, FerdinandChunk_3_1.unity, Chunk_7_5.unity). Interiors are actually exited via InteriorEntrance / InteriorManager.ExitInterior, not through a SceneTransition. So the .cs + the .asset form an unreachable pair.	If a walk-out exit volume is planned inside AlgeaCave/SandstoneCaveInterior, this is the intended mechanism. Check those two interior scenes for an unwired exit volume first.
Assets/Game/Scripts/Gameplay/Game/State/Game.cs	superseded	medium	21 loc	refs.tsv: 0 GUID refs (it is a static class, so that is expected). Repo grep `\bGame\.[A-Z]` across Assets/Game/**/*.cs, excluding GameObject/GameManager/GameMode/GameSettings/GameServices/GameState, returns NOTHING. The only readers of Game.Mode / Game.OnGameModeChanged in the project are GameServices.cs lines 10, 12, 17. Game.SetMode has zero callers, so Mode is permanently GameMode.Singleplayer and OnGameModeChanged never fires.	Only valid together with the GameServices.Initialize simplification (see refactors). If multiplayer-vs-singleplayer service swapping is a real future requirement, keep the file — but note it has never worked, because nothing ever called SetMode.
Assets/Game/Scripts/Gameplay/Game/State/GameMode.cs	superseded	medium	9 loc	refs.tsv: 0 GUID refs; guid f6e3b075fd434e739d2735410fb5633e: 0 hits across Assets/. Repo grep for `GameMode.` shows the only two files using SpaceGame.Gameplay.GameMode are Game.cs and GameServices.cs; every other GameMode hit is the unrelated MatchGameMode enum in Minigame/Core/MatchEnums.cs. Two-value enum whose Multiplayer member is only reachable from the dead Game.SetMode path.	Same as Game.cs — delete as a set with the GameServices switch.
Assets/Game/Scripts/Gameplay/Interaction/Interactions/DoorInteraction.cs	superseded	low	117 loc	refs.tsv: exactly 1 GUID ref, Assets/Game/Scenes/Tests/Marius test scene.unity. No prefab uses it. The shipping doors go through SceneTransition/InteriorEntrance instead (SandstoneCaveDoor.prefab, Example_InteriorPortalDoor.prefab, CutsceneDoor*.prefab). It also Debug.Logs 'Door interacted with' on every use.	It is a self-contained reusable double-door animator that a level designer may well want. Only its being alive solely via one personal test scene makes it a candidate. Low confidence deliberately.
